space,config,algorithm,cluster_count,noise_count,noise_fraction,coverage,smallest_cluster,largest_cluster,silhouette_original_cosine,eps,min_samples,min_cluster_size,selected
raw,kmeans_k2,kmeans,2,0,0.0,1.0,138,144,0.08386103063821793,,,,False
raw,kmeans_k3,kmeans,3,0,0.0,1.0,50,130,0.09269934892654419,,,,True
raw,kmeans_k5,kmeans,5,0,0.0,1.0,42,92,0.05717819929122925,,,,False
raw,kmeans_k6,kmeans,6,0,0.0,1.0,13,63,0.032528750598430634,,,,False
raw,kmeans_k8,kmeans,8,0,0.0,1.0,9,52,0.07144592702388763,,,,False
raw,kmeans_k10,kmeans,10,0,0.0,1.0,9,53,0.057073649019002914,,,,False
raw,kmeans_k12,kmeans,12,0,0.0,1.0,7,64,0.0559673048555851,,,,False
raw,dbscan_eps0.1288_ms3,dbscan,5,188,0.6666666666666666,0.3333333333333333,3,62,0.2291116565465927,0.128757,3.0,,False
raw,dbscan_eps0.1314_ms3,dbscan,5,185,0.6560283687943262,0.34397163120567376,3,65,0.22756753861904144,0.131414,3.0,,False
raw,dbscan_eps0.1340_ms3,dbscan,5,182,0.6453900709219859,0.3546099290780142,3,68,0.22216951847076416,0.133963,3.0,,False
raw,dbscan_eps0.1365_ms3,dbscan,6,168,0.5957446808510638,0.40425531914893614,3,74,0.22152285277843475,0.136464,3.0,,False
raw,dbscan_eps0.1401_ms3,dbscan,6,159,0.5638297872340425,0.43617021276595747,3,84,0.15549157559871674,0.140082,3.0,,False
raw,dbscan_eps0.1423_ms3,dbscan,6,152,0.5390070921985816,0.46099290780141844,3,91,0.14336447417736053,0.142273,3.0,,False
raw,dbscan_eps0.1455_ms3,dbscan,5,145,0.5141843971631206,0.4858156028368794,3,101,0.16814711689949036,0.145457,3.0,,False
raw,dbscan_eps0.1476_ms3,dbscan,5,142,0.5035460992907801,0.49645390070921985,3,104,0.15927234292030334,0.147624,3.0,,False
raw,dbscan_eps0.1515_ms3,dbscan,3,131,0.4645390070921986,0.5354609929078015,3,142,0.11388498544692993,0.151468,3.0,,False
raw,dbscan_eps0.1540_ms3,dbscan,3,121,0.42907801418439717,0.5709219858156028,3,152,0.11001082509756088,0.153951,3.0,,False
raw,dbscan_eps0.1580_ms3,dbscan,3,116,0.41134751773049644,0.5886524822695035,3,157,0.10695374757051468,0.157999,3.0,,False
raw,dbscan_eps0.1591_ms3,dbscan,3,114,0.40425531914893614,0.5957446808510638,3,159,0.10553723573684692,0.159111,3.0,,False
raw,dbscan_eps0.1633_ms3,dbscan,1,109,0.38652482269503546,0.6134751773049646,173,173,,0.1633,3.0,,False
raw,dbscan_eps0.1658_ms3,dbscan,1,107,0.37943262411347517,0.6205673758865248,175,175,,0.165763,3.0,,False
raw,dbscan_eps0.1681_ms3,dbscan,1,101,0.35815602836879434,0.6418439716312057,181,181,,0.168064,3.0,,False
raw,dbscan_eps0.1711_ms3,dbscan,1,92,0.3262411347517731,0.6737588652482269,190,190,,0.171087,3.0,,False
raw,dbscan_eps0.1738_ms3,dbscan,1,88,0.3120567375886525,0.6879432624113475,194,194,,0.173765,3.0,,False
raw,dbscan_eps0.1798_ms3,dbscan,1,75,0.26595744680851063,0.7340425531914894,207,207,,0.179774,3.0,,False
raw,dbscan_eps0.1833_ms3,dbscan,1,63,0.22340425531914893,0.776595744680851,219,219,,0.18328,3.0,,False
raw,dbscan_eps0.1880_ms3,dbscan,1,62,0.2198581560283688,0.7801418439716312,220,220,,0.187996,3.0,,False
raw,dbscan_eps0.1918_ms3,dbscan,1,53,0.1879432624113475,0.8120567375886525,229,229,,0.191787,3.0,,False
raw,dbscan_eps0.1953_ms3,dbscan,1,47,0.16666666666666666,0.8333333333333334,235,235,,0.195286,3.0,,False
raw,dbscan_eps0.2005_ms3,dbscan,1,40,0.14184397163120568,0.8581560283687943,242,242,,0.200468,3.0,,False
raw,dbscan_eps0.2035_ms3,dbscan,1,34,0.12056737588652482,0.8794326241134752,248,248,,0.203511,3.0,,False
raw,dbscan_eps0.2081_ms3,dbscan,1,27,0.09574468085106383,0.9042553191489362,255,255,,0.208073,3.0,,False
raw,dbscan_eps0.2148_ms3,dbscan,1,22,0.07801418439716312,0.9219858156028369,260,260,,0.214832,3.0,,False
raw,dbscan_eps0.2226_ms3,dbscan,1,18,0.06382978723404255,0.9361702127659575,264,264,,0.222621,3.0,,False
raw,dbscan_eps0.2327_ms3,dbscan,1,12,0.0425531914893617,0.9574468085106383,270,270,,0.232709,3.0,,False
raw,dbscan_eps0.1432_ms5,dbscan,2,164,0.5815602836879432,0.41843971631205673,24,94,0.21322359144687653,0.143194,5.0,,True
raw,dbscan_eps0.1474_ms5,dbscan,2,157,0.5567375886524822,0.4432624113475177,25,100,0.20498406887054443,0.147398,5.0,,False
raw,dbscan_eps0.1488_ms5,dbscan,1,153,0.5425531914893617,0.4574468085106383,129,129,,0.148808,5.0,,False
raw,dbscan_eps0.1503_ms5,dbscan,2,144,0.5106382978723404,0.48936170212765956,5,133,0.1551816612482071,0.150319,5.0,,False
raw,dbscan_eps0.1530_ms5,dbscan,2,134,0.475177304964539,0.524822695035461,5,143,0.14965412020683289,0.152982,5.0,,False
raw,dbscan_eps0.1572_ms5,dbscan,2,124,0.4397163120567376,0.5602836879432624,6,152,0.15063363313674927,0.157172,5.0,,False
raw,dbscan_eps0.1603_ms5,dbscan,2,118,0.41843971631205673,0.5815602836879432,6,158,0.1466672271490097,0.160344,5.0,,False
raw,dbscan_eps0.1616_ms5,dbscan,2,117,0.4148936170212766,0.5851063829787234,7,158,0.1517873853445053,0.161584,5.0,,False
raw,dbscan_eps0.1625_ms5,dbscan,2,115,0.4078014184397163,0.5921985815602837,8,159,0.14230608940124512,0.162547,5.0,,False
raw,dbscan_eps0.1658_ms5,dbscan,1,107,0.37943262411347517,0.6205673758865248,175,175,,0.165801,5.0,,False
raw,dbscan_eps0.1695_ms5,dbscan,1,99,0.35106382978723405,0.648936170212766,183,183,,0.169494,5.0,,False
raw,dbscan_eps0.1719_ms5,dbscan,1,95,0.33687943262411346,0.6631205673758865,187,187,,0.171908,5.0,,False
raw,dbscan_eps0.1748_ms5,dbscan,1,90,0.3191489361702128,0.6808510638297872,192,192,,0.17482,5.0,,False
raw,dbscan_eps0.1771_ms5,dbscan,1,88,0.3120567375886525,0.6879432624113475,194,194,,0.177054,5.0,,False
raw,dbscan_eps0.1801_ms5,dbscan,1,80,0.28368794326241137,0.7163120567375887,202,202,,0.180081,5.0,,False
raw,dbscan_eps0.1830_ms5,dbscan,1,71,0.25177304964539005,0.74822695035461,211,211,,0.182979,5.0,,False
raw,dbscan_eps0.1867_ms5,dbscan,1,67,0.2375886524822695,0.7624113475177305,215,215,,0.186705,5.0,,False
raw,dbscan_eps0.1897_ms5,dbscan,1,62,0.2198581560283688,0.7801418439716312,220,220,,0.189703,5.0,,False
raw,dbscan_eps0.1926_ms5,dbscan,1,56,0.19858156028368795,0.8014184397163121,226,226,,0.192634,5.0,,False
raw,dbscan_eps0.1980_ms5,dbscan,1,45,0.1595744680851064,0.8404255319148937,237,237,,0.198011,5.0,,False
raw,dbscan_eps0.2023_ms5,dbscan,1,35,0.12411347517730496,0.875886524822695,247,247,,0.202331,5.0,,False
raw,dbscan_eps0.2058_ms5,dbscan,1,32,0.11347517730496454,0.8865248226950354,250,250,,0.205834,5.0,,False
raw,dbscan_eps0.2085_ms5,dbscan,1,26,0.09219858156028368,0.9078014184397163,256,256,,0.208514,5.0,,False
raw,dbscan_eps0.2135_ms5,dbscan,1,23,0.08156028368794327,0.9184397163120568,259,259,,0.213483,5.0,,False
raw,dbscan_eps0.2218_ms5,dbscan,1,19,0.0673758865248227,0.9326241134751773,263,263,,0.221774,5.0,,False
raw,dbscan_eps0.2287_ms5,dbscan,1,16,0.05673758865248227,0.9432624113475178,266,266,,0.22871,5.0,,False
raw,dbscan_eps0.2354_ms5,dbscan,1,10,0.03546099290780142,0.9645390070921985,272,272,,0.235353,5.0,,False
raw,dbscan_eps0.2397_ms5,dbscan,1,9,0.031914893617021274,0.9680851063829787,273,273,,0.2397,5.0,,False
raw,dbscan_eps0.1562_ms8,dbscan,1,137,0.4858156028368794,0.5141843971631206,145,145,,0.156214,8.0,,False
raw,dbscan_eps0.1583_ms8,dbscan,1,135,0.4787234042553192,0.5212765957446809,147,147,,0.158307,8.0,,False
raw,dbscan_eps0.1625_ms8,dbscan,1,129,0.4574468085106383,0.5425531914893617,153,153,,0.162491,8.0,,False
raw,dbscan_eps0.1646_ms8,dbscan,1,122,0.4326241134751773,0.5673758865248227,160,160,,0.164623,8.0,,False
raw,dbscan_eps0.1661_ms8,dbscan,1,112,0.3971631205673759,0.6028368794326241,170,170,,0.166094,8.0,,False
raw,dbscan_eps0.1683_ms8,dbscan,1,108,0.3829787234042553,0.6170212765957447,174,174,,0.168265,8.0,,False
raw,dbscan_eps0.1702_ms8,dbscan,1,103,0.36524822695035464,0.6347517730496454,179,179,,0.170162,8.0,,False
raw,dbscan_eps0.1723_ms8,dbscan,1,95,0.33687943262411346,0.6631205673758865,187,187,,0.172253,8.0,,False
raw,dbscan_eps0.1739_ms8,dbscan,1,94,0.3333333333333333,0.6666666666666666,188,188,,0.173889,8.0,,False
raw,dbscan_eps0.1769_ms8,dbscan,1,89,0.31560283687943264,0.6843971631205674,193,193,,0.17687,8.0,,False
raw,dbscan_eps0.1787_ms8,dbscan,1,85,0.30141843971631205,0.6985815602836879,197,197,,0.178667,8.0,,False
raw,dbscan_eps0.1839_ms8,dbscan,1,71,0.25177304964539005,0.74822695035461,211,211,,0.183857,8.0,,False
raw,dbscan_eps0.1858_ms8,dbscan,1,70,0.24822695035460993,0.75177304964539,212,212,,0.185752,8.0,,False
raw,dbscan_eps0.1887_ms8,dbscan,1,68,0.24113475177304963,0.7588652482269503,214,214,,0.188684,8.0,,False
raw,dbscan_eps0.1910_ms8,dbscan,1,65,0.23049645390070922,0.7695035460992907,217,217,,0.190951,8.0,,False
raw,dbscan_eps0.1956_ms8,dbscan,1,54,0.19148936170212766,0.8085106382978723,228,228,,0.195631,8.0,,False
raw,dbscan_eps0.1989_ms8,dbscan,1,49,0.17375886524822695,0.8262411347517731,233,233,,0.198877,8.0,,False
raw,dbscan_eps0.2023_ms8,dbscan,1,39,0.13829787234042554,0.8617021276595744,243,243,,0.202307,8.0,,False
raw,dbscan_eps0.2074_ms8,dbscan,1,32,0.11347517730496454,0.8865248226950354,250,250,,0.207449,8.0,,False
raw,dbscan_eps0.2111_ms8,dbscan,1,30,0.10638297872340426,0.8936170212765957,252,252,,0.21112,8.0,,False
raw,dbscan_eps0.2144_ms8,dbscan,1,25,0.08865248226950355,0.9113475177304965,257,257,,0.214374,8.0,,False
raw,dbscan_eps0.2166_ms8,dbscan,1,21,0.07446808510638298,0.925531914893617,261,261,,0.216589,8.0,,False
raw,dbscan_eps0.2198_ms8,dbscan,1,19,0.0673758865248227,0.9326241134751773,263,263,,0.219761,8.0,,False
raw,dbscan_eps0.2273_ms8,dbscan,1,16,0.05673758865248227,0.9432624113475178,266,266,,0.227295,8.0,,False
raw,dbscan_eps0.2316_ms8,dbscan,1,12,0.0425531914893617,0.9574468085106383,270,270,,0.231579,8.0,,False
raw,dbscan_eps0.2385_ms8,dbscan,1,9,0.031914893617021274,0.9680851063829787,273,273,,0.238482,8.0,,False
raw,dbscan_eps0.2425_ms8,dbscan,1,9,0.031914893617021274,0.9680851063829787,273,273,,0.242478,8.0,,False
raw,dbscan_eps0.2493_ms8,dbscan,1,9,0.031914893617021274,0.9680851063829787,273,273,,0.249328,8.0,,False
raw,dbscan_eps0.1622_ms10,dbscan,1,130,0.46099290780141844,0.5390070921985816,152,152,,0.162215,10.0,,False
raw,dbscan_eps0.1665_ms10,dbscan,1,122,0.4326241134751773,0.5673758865248227,160,160,,0.166546,10.0,,False
raw,dbscan_eps0.1684_ms10,dbscan,1,120,0.425531914893617,0.574468085106383,162,162,,0.168438,10.0,,False
raw,dbscan_eps0.1698_ms10,dbscan,1,115,0.4078014184397163,0.5921985815602837,167,167,,0.169812,10.0,,False
raw,dbscan_eps0.1722_ms10,dbscan,1,104,0.36879432624113473,0.6312056737588653,178,178,,0.17223,10.0,,False
raw,dbscan_eps0.1742_ms10,dbscan,1,100,0.3546099290780142,0.6453900709219859,182,182,,0.174188,10.0,,False
raw,dbscan_eps0.1761_ms10,dbscan,1,95,0.33687943262411346,0.6631205673758865,187,187,,0.176068,10.0,,False
raw,dbscan_eps0.1786_ms10,dbscan,1,88,0.3120567375886525,0.6879432624113475,194,194,,0.178552,10.0,,False
raw,dbscan_eps0.1806_ms10,dbscan,1,79,0.2801418439716312,0.7198581560283688,203,203,,0.180646,10.0,,False
raw,dbscan_eps0.1824_ms10,dbscan,1,73,0.25886524822695034,0.7411347517730497,209,209,,0.182423,10.0,,False
raw,dbscan_eps0.1868_ms10,dbscan,1,69,0.24468085106382978,0.7553191489361702,213,213,,0.186804,10.0,,False
raw,dbscan_eps0.1882_ms10,dbscan,1,69,0.24468085106382978,0.7553191489361702,213,213,,0.1882,10.0,,False
raw,dbscan_eps0.1903_ms10,dbscan,1,65,0.23049645390070922,0.7695035460992907,217,217,,0.190256,10.0,,False
raw,dbscan_eps0.1919_ms10,dbscan,1,64,0.22695035460992907,0.7730496453900709,218,218,,0.191884,10.0,,False
raw,dbscan_eps0.1960_ms10,dbscan,1,55,0.1950354609929078,0.8049645390070922,227,227,,0.195998,10.0,,False
raw,dbscan_eps0.1987_ms10,dbscan,1,53,0.1879432624113475,0.8120567375886525,229,229,,0.198697,10.0,,False
raw,dbscan_eps0.2018_ms10,dbscan,1,44,0.15602836879432624,0.8439716312056738,238,238,,0.201753,10.0,,False
raw,dbscan_eps0.2066_ms10,dbscan,1,32,0.11347517730496454,0.8865248226950354,250,250,,0.206617,10.0,,False
raw,dbscan_eps0.2114_ms10,dbscan,1,30,0.10638297872340426,0.8936170212765957,252,252,,0.211373,10.0,,False
raw,dbscan_eps0.2158_ms10,dbscan,1,23,0.08156028368794327,0.9184397163120568,259,259,,0.215766,10.0,,False
raw,dbscan_eps0.2181_ms10,dbscan,1,21,0.07446808510638298,0.925531914893617,261,261,,0.218114,10.0,,False
raw,dbscan_eps0.2208_ms10,dbscan,1,20,0.07092198581560284,0.9290780141843972,262,262,,0.220815,10.0,,False
raw,dbscan_eps0.2243_ms10,dbscan,1,18,0.06382978723404255,0.9361702127659575,264,264,,0.224321,10.0,,False
raw,dbscan_eps0.2321_ms10,dbscan,1,12,0.0425531914893617,0.9574468085106383,270,270,,0.2321,10.0,,False
raw,dbscan_eps0.2361_ms10,dbscan,1,10,0.03546099290780142,0.9645390070921985,272,272,,0.236051,10.0,,False
raw,dbscan_eps0.2423_ms10,dbscan,1,9,0.031914893617021274,0.9680851063829787,273,273,,0.242319,10.0,,False
raw,dbscan_eps0.2475_ms10,dbscan,1,9,0.031914893617021274,0.9680851063829787,273,273,,0.247512,10.0,,False
raw,dbscan_eps0.2544_ms10,dbscan,1,7,0.024822695035460994,0.975177304964539,275,275,,0.254374,10.0,,False
raw,hdbscan_mcs5_ms1,hdbscan,4,168,0.5957446808510638,0.40425531914893614,6,76,0.22981777787208557,,1.0,5.0,False
raw,hdbscan_mcs5_ms3,hdbscan,4,187,0.6631205673758865,0.33687943262411346,6,62,0.2566321790218353,,3.0,5.0,False
raw,hdbscan_mcs5_ms5,hdbscan,3,194,0.6879432624113475,0.3120567375886525,6,65,0.2604261636734009,,5.0,5.0,False
raw,hdbscan_mcs8_ms1,hdbscan,2,150,0.5319148936170213,0.46808510638297873,26,106,0.1976006031036377,,1.0,8.0,False
raw,hdbscan_mcs8_ms3,hdbscan,2,171,0.6063829787234043,0.39361702127659576,21,90,0.21846511960029602,,3.0,8.0,False
raw,hdbscan_mcs8_ms5,hdbscan,2,200,0.7092198581560284,0.2907801418439716,17,65,0.2572523057460785,,5.0,8.0,False
raw,hdbscan_mcs8_ms8,hdbscan,2,228,0.8085106382978723,0.19148936170212766,10,44,0.2863832116127014,,8.0,8.0,True
raw,hdbscan_mcs10_ms1,hdbscan,2,150,0.5319148936170213,0.46808510638297873,26,106,0.1976006031036377,,1.0,10.0,False
raw,hdbscan_mcs10_ms3,hdbscan,2,171,0.6063829787234043,0.39361702127659576,21,90,0.21846511960029602,,3.0,10.0,False
raw,hdbscan_mcs10_ms5,hdbscan,2,200,0.7092198581560284,0.2907801418439716,17,65,0.2572523057460785,,5.0,10.0,False
raw,hdbscan_mcs10_ms8,hdbscan,2,228,0.8085106382978723,0.19148936170212766,10,44,0.2863832116127014,,8.0,10.0,False
raw,hdbscan_mcs10_ms10,hdbscan,0,282,1.0,0.0,0,0,,,10.0,10.0,False
raw,hdbscan_mcs12_ms1,hdbscan,2,150,0.5319148936170213,0.46808510638297873,26,106,0.1976006031036377,,1.0,12.0,False
raw,hdbscan_mcs12_ms3,hdbscan,2,171,0.6063829787234043,0.39361702127659576,21,90,0.21846511960029602,,3.0,12.0,False
raw,hdbscan_mcs12_ms5,hdbscan,2,200,0.7092198581560284,0.2907801418439716,17,65,0.2572523057460785,,5.0,12.0,False
raw,hdbscan_mcs12_ms8,hdbscan,0,282,1.0,0.0,0,0,,,8.0,12.0,False
raw,hdbscan_mcs12_ms10,hdbscan,0,282,1.0,0.0,0,0,,,10.0,12.0,False
raw,hdbscan_mcs15_ms1,hdbscan,2,150,0.5319148936170213,0.46808510638297873,26,106,0.1976006031036377,,1.0,15.0,False
raw,hdbscan_mcs15_ms3,hdbscan,2,171,0.6063829787234043,0.39361702127659576,21,90,0.21846511960029602,,3.0,15.0,False
raw,hdbscan_mcs15_ms5,hdbscan,2,200,0.7092198581560284,0.2907801418439716,17,65,0.2572523057460785,,5.0,15.0,False
raw,hdbscan_mcs15_ms8,hdbscan,0,282,1.0,0.0,0,0,,,8.0,15.0,False
raw,hdbscan_mcs15_ms10,hdbscan,0,282,1.0,0.0,0,0,,,10.0,15.0,False
raw,hdbscan_mcs20_ms1,hdbscan,2,150,0.5319148936170213,0.46808510638297873,26,106,0.1976006031036377,,1.0,20.0,False
raw,hdbscan_mcs20_ms3,hdbscan,2,171,0.6063829787234043,0.39361702127659576,21,90,0.21846511960029602,,3.0,20.0,False
raw,hdbscan_mcs20_ms5,hdbscan,0,282,1.0,0.0,0,0,,,5.0,20.0,False
raw,hdbscan_mcs20_ms8,hdbscan,0,282,1.0,0.0,0,0,,,8.0,20.0,False
raw,hdbscan_mcs20_ms10,hdbscan,0,282,1.0,0.0,0,0,,,10.0,20.0,False
umap,kmeans_k2,kmeans,2,0,0.0,1.0,55,227,0.08135917037725449,,,,True
umap,kmeans_k3,kmeans,3,0,0.0,1.0,54,127,0.059147536754608154,,,,False
umap,kmeans_k5,kmeans,5,0,0.0,1.0,21,85,0.062345072627067566,,,,False
umap,kmeans_k6,kmeans,6,0,0.0,1.0,15,83,0.05515645816922188,,,,False
umap,kmeans_k8,kmeans,8,0,0.0,1.0,10,54,0.05734768137335777,,,,False
umap,kmeans_k10,kmeans,10,0,0.0,1.0,10,54,0.04030861705541611,,,,False
umap,kmeans_k12,kmeans,12,0,0.0,1.0,10,54,0.05558891221880913,,,,False
umap,dbscan_eps0.1516_ms3,dbscan,22,193,0.6843971631205674,0.31560283687943264,3,9,0.22912970185279846,0.151645,3.0,,False
umap,dbscan_eps0.1595_ms3,dbscan,23,187,0.6631205673758865,0.33687943262411346,3,9,0.2168828845024109,0.159463,3.0,,False
umap,dbscan_eps0.1650_ms3,dbscan,24,181,0.6418439716312057,0.35815602836879434,3,9,0.21363787353038788,0.164991,3.0,,False
umap,dbscan_eps0.1700_ms3,dbscan,25,174,0.6170212765957447,0.3829787234042553,3,9,0.21185921132564545,0.170033,3.0,,False
umap,dbscan_eps0.1807_ms3,dbscan,26,165,0.5851063829787234,0.4148936170212766,3,9,0.2013530135154724,0.180665,3.0,,False
umap,dbscan_eps0.1857_ms3,dbscan,26,157,0.5567375886524822,0.4432624113475177,3,9,0.17158366739749908,0.185672,3.0,,False
umap,dbscan_eps0.1908_ms3,dbscan,25,154,0.5460992907801419,0.45390070921985815,3,9,0.17962563037872314,0.190786,3.0,,False
umap,dbscan_eps0.1988_ms3,dbscan,25,146,0.5177304964539007,0.48226950354609927,3,12,0.18782508373260498,0.198828,3.0,,False
umap,dbscan_eps0.2061_ms3,dbscan,25,141,0.5,0.5,3,12,0.18115001916885376,0.206074,3.0,,False
umap,dbscan_eps0.2101_ms3,dbscan,27,131,0.4645390070921986,0.5354609929078015,3,14,0.16719558835029602,0.210067,3.0,,False
umap,dbscan_eps0.2205_ms3,dbscan,24,124,0.4397163120567376,0.5602836879432624,3,35,0.16674470901489258,0.220481,3.0,,False
umap,dbscan_eps0.2295_ms3,dbscan,25,113,0.40070921985815605,0.599290780141844,3,36,0.16092604398727417,0.229516,3.0,,False
umap,dbscan_eps0.2432_ms3,dbscan,26,104,0.36879432624113473,0.6312056737588653,3,37,0.15071892738342285,0.243209,3.0,,False
umap,dbscan_eps0.2504_ms3,dbscan,26,102,0.3617021276595745,0.6382978723404256,3,37,0.14650951325893402,0.250386,3.0,,False
umap,dbscan_eps0.2601_ms3,dbscan,28,94,0.3333333333333333,0.6666666666666666,3,38,0.12145328521728516,0.260104,3.0,,False
umap,dbscan_eps0.2708_ms3,dbscan,29,84,0.2978723404255319,0.7021276595744681,3,38,0.10458599776029587,0.270807,3.0,,False
umap,dbscan_eps0.2768_ms3,dbscan,29,81,0.2872340425531915,0.7127659574468085,3,38,0.10190471261739731,0.276838,3.0,,False
umap,dbscan_eps0.2958_ms3,dbscan,27,75,0.26595744680851063,0.7340425531914894,3,38,0.10319829732179642,0.295767,3.0,,False
umap,dbscan_eps0.3166_ms3,dbscan,27,69,0.24468085106382978,0.7553191489361702,3,38,0.10786214470863342,0.316555,3.0,,False
umap,dbscan_eps0.3278_ms3,dbscan,24,65,0.23049645390070922,0.7695035460992907,3,38,0.10125637799501419,0.327766,3.0,,False
umap,dbscan_eps0.3494_ms3,dbscan,23,58,0.20567375886524822,0.7943262411347518,3,39,0.09586819261312485,0.349428,3.0,,False
umap,dbscan_eps0.3631_ms3,dbscan,25,42,0.14893617021276595,0.851063829787234,3,42,0.07917764037847519,0.363055,3.0,,False
umap,dbscan_eps0.3797_ms3,dbscan,22,35,0.12411347517730496,0.875886524822695,3,45,0.06551530957221985,0.379695,3.0,,False
umap,dbscan_eps0.3894_ms3,dbscan,20,30,0.10638297872340426,0.8936170212765957,3,45,0.05733013153076172,0.389411,3.0,,False
umap,dbscan_eps0.4082_ms3,dbscan,18,26,0.09219858156028368,0.9078014184397163,3,45,0.08996187150478363,0.408169,3.0,,False
umap,dbscan_eps0.4256_ms3,dbscan,15,24,0.0851063829787234,0.9148936170212766,3,45,0.0812574103474617,0.425641,3.0,,False
umap,dbscan_eps0.4452_ms3,dbscan,13,19,0.0673758865248227,0.9326241134751773,3,46,0.054290831089019775,0.445187,3.0,,False
umap,dbscan_eps0.4796_ms3,dbscan,7,15,0.05319148936170213,0.9468085106382979,6,83,0.02089248225092888,0.479648,3.0,,False
umap,dbscan_eps0.2374_ms5,dbscan,15,163,0.5780141843971631,0.4219858156028369,5,20,0.19582191109657288,0.237385,5.0,,True
umap,dbscan_eps0.2435_ms5,dbscan,15,149,0.5283687943262412,0.4716312056737589,5,34,0.18554268777370453,0.243494,5.0,,False
umap,dbscan_eps0.2506_ms5,dbscan,16,141,0.5,0.5,5,35,0.18067136406898499,0.25057,5.0,,False
umap,dbscan_eps0.2576_ms5,dbscan,16,139,0.4929078014184397,0.5070921985815603,5,35,0.1795562207698822,0.257615,5.0,,False
umap,dbscan_eps0.2660_ms5,dbscan,17,131,0.4645390070921986,0.5354609929078015,5,36,0.17757964134216309,0.266048,5.0,,False
umap,dbscan_eps0.2749_ms5,dbscan,16,129,0.4574468085106383,0.5425531914893617,5,37,0.18036408722400665,0.274886,5.0,,False
umap,dbscan_eps0.2873_ms5,dbscan,17,123,0.43617021276595747,0.5638297872340425,5,37,0.17347344756126404,0.287261,5.0,,False
umap,dbscan_eps0.2998_ms5,dbscan,17,118,0.41843971631205673,0.5815602836879432,5,37,0.16602985560894012,0.299839,5.0,,False
umap,dbscan_eps0.3046_ms5,dbscan,17,117,0.4148936170212766,0.5851063829787234,5,38,0.16573834419250488,0.304555,5.0,,False
umap,dbscan_eps0.3181_ms5,dbscan,16,115,0.4078014184397163,0.5921985815602837,5,38,0.1604679524898529,0.318143,5.0,,False
umap,dbscan_eps0.3259_ms5,dbscan,16,111,0.39361702127659576,0.6063829787234043,5,38,0.15690970420837402,0.325892,5.0,,False
umap,dbscan_eps0.3435_ms5,dbscan,17,101,0.35815602836879434,0.6418439716312057,5,38,0.13452063500881195,0.34354,5.0,,False
umap,dbscan_eps0.3515_ms5,dbscan,18,85,0.30141843971631205,0.6985815602836879,5,40,0.11411353200674057,0.351503,5.0,,False
umap,dbscan_eps0.3630_ms5,dbscan,19,76,0.2695035460992908,0.7304964539007093,5,41,0.1043056845664978,0.362977,5.0,,False
umap,dbscan_eps0.3815_ms5,dbscan,19,62,0.2198581560283688,0.7801418439716312,5,44,0.0913177952170372,0.381454,5.0,,False
umap,dbscan_eps0.4011_ms5,dbscan,20,50,0.1773049645390071,0.8226950354609929,4,44,0.07982392609119415,0.401137,5.0,,False
umap,dbscan_eps0.4098_ms5,dbscan,19,46,0.16312056737588654,0.8368794326241135,4,45,0.07178966701030731,0.40982,5.0,,False
umap,dbscan_eps0.4233_ms5,dbscan,18,40,0.14184397163120568,0.8581560283687943,4,45,0.06117323413491249,0.423338,5.0,,False
umap,dbscan_eps0.4378_ms5,dbscan,17,35,0.12411347517730496,0.875886524822695,4,45,0.05206599831581116,0.437817,5.0,,False
umap,dbscan_eps0.4555_ms5,dbscan,16,28,0.09929078014184398,0.900709219858156,5,45,0.0415998250246048,0.455518,5.0,,False
umap,dbscan_eps0.4668_ms5,dbscan,15,26,0.09219858156028368,0.9078014184397163,5,45,0.03672444075345993,0.466766,5.0,,False
umap,dbscan_eps0.4745_ms5,dbscan,15,23,0.08156028368794327,0.9184397163120568,4,46,0.03239705413579941,0.474485,5.0,,False
umap,dbscan_eps0.4826_ms5,dbscan,14,19,0.0673758865248227,0.9326241134751773,6,45,0.033127766102552414,0.482649,5.0,,False
umap,dbscan_eps0.4960_ms5,dbscan,9,17,0.06028368794326241,0.9397163120567376,6,61,0.03988368809223175,0.49605,5.0,,False
umap,dbscan_eps0.5211_ms5,dbscan,7,13,0.04609929078014184,0.9539007092198581,6,94,0.016073264181613922,0.521052,5.0,,False
umap,dbscan_eps0.5377_ms5,dbscan,4,10,0.03546099290780142,0.9645390070921985,10,196,-0.019723819568753242,0.537736,5.0,,False
umap,dbscan_eps0.5506_ms5,dbscan,4,8,0.028368794326241134,0.9716312056737588,10,198,-0.02040383778512478,0.550589,5.0,,False
umap,dbscan_eps0.5741_ms5,dbscan,4,4,0.014184397163120567,0.9858156028368794,10,202,-0.02224421314895153,0.574105,5.0,,False
umap,dbscan_eps0.3478_ms8,dbscan,9,160,0.5673758865248227,0.4326241134751773,8,35,0.18887002766132355,0.34777,8.0,,False
umap,dbscan_eps0.3538_ms8,dbscan,10,148,0.524822695035461,0.475177304964539,8,37,0.17450125515460968,0.35379,8.0,,False
umap,dbscan_eps0.3672_ms8,dbscan,10,143,0.5070921985815603,0.4929078014184397,8,40,0.16485552489757538,0.36724,8.0,,False
umap,dbscan_eps0.3752_ms8,dbscan,9,132,0.46808510638297873,0.5319148936170213,8,42,0.15361979603767395,0.375203,8.0,,False
umap,dbscan_eps0.3846_ms8,dbscan,9,131,0.4645390070921986,0.5354609929078015,8,42,0.15187302231788635,0.38457,8.0,,False
umap,dbscan_eps0.4014_ms8,dbscan,9,124,0.4397163120567376,0.5602836879432624,9,42,0.14626288414001465,0.401412,8.0,,False
umap,dbscan_eps0.4216_ms8,dbscan,9,121,0.42907801418439717,0.5709219858156028,9,42,0.14158256351947784,0.421631,8.0,,False
umap,dbscan_eps0.4327_ms8,dbscan,9,115,0.4078014184397163,0.5921985815602837,9,42,0.13783486187458038,0.432738,8.0,,False
umap,dbscan_eps0.4388_ms8,dbscan,10,105,0.3723404255319149,0.6276595744680851,8,42,0.12797899544239044,0.438806,8.0,,False
umap,dbscan_eps0.4567_ms8,dbscan,12,81,0.2872340425531915,0.7127659574468085,8,44,0.10733377933502197,0.456743,8.0,,False
umap,dbscan_eps0.4748_ms8,dbscan,12,74,0.2624113475177305,0.7375886524822695,8,45,0.10627683252096176,0.474802,8.0,,False
umap,dbscan_eps0.4873_ms8,dbscan,12,73,0.25886524822695034,0.7411347517730497,8,45,0.10534155368804932,0.48729,8.0,,False
umap,dbscan_eps0.5018_ms8,dbscan,13,55,0.1950354609929078,0.8049645390070922,8,45,0.08948062360286713,0.50176,8.0,,False
umap,dbscan_eps0.5083_ms8,dbscan,12,55,0.1950354609929078,0.8049645390070922,8,45,0.08783040195703506,0.508261,8.0,,False
umap,dbscan_eps0.5167_ms8,dbscan,12,49,0.17375886524822695,0.8262411347517731,8,45,0.07953585684299469,0.516709,8.0,,False
umap,dbscan_eps0.5374_ms8,dbscan,11,37,0.13120567375886524,0.8687943262411347,8,64,0.049610476940870285,0.537398,8.0,,False
umap,dbscan_eps0.5510_ms8,dbscan,12,16,0.05673758865248227,0.9432624113475178,6,66,0.005713135935366154,0.551026,8.0,,False
umap,dbscan_eps0.5609_ms8,dbscan,11,13,0.04609929078014184,0.9539007092198581,6,66,0.05251268669962883,0.560871,8.0,,False
umap,dbscan_eps0.5700_ms8,dbscan,11,6,0.02127659574468085,0.9787234042553191,6,72,0.05013059452176094,0.569994,8.0,,False
umap,dbscan_eps0.5758_ms8,dbscan,10,5,0.01773049645390071,0.9822695035460993,6,94,0.0383371002972126,0.575822,8.0,,False
umap,dbscan_eps0.5922_ms8,dbscan,8,3,0.010638297872340425,0.9893617021276596,6,173,0.012393366545438766,0.592238,8.0,,False
umap,dbscan_eps0.5996_ms8,dbscan,7,3,0.010638297872340425,0.9893617021276596,8,179,0.005037735681980848,0.599551,8.0,,False
umap,dbscan_eps0.6066_ms8,dbscan,7,3,0.010638297872340425,0.9893617021276596,8,179,0.005037735681980848,0.606596,8.0,,False
umap,dbscan_eps0.6157_ms8,dbscan,7,2,0.0070921985815602835,0.9929078014184397,8,181,0.004551951307803392,0.615655,8.0,,False
umap,dbscan_eps0.6290_ms8,dbscan,5,2,0.0070921985815602835,0.9929078014184397,9,195,-0.010406606830656528,0.629009,8.0,,False
umap,dbscan_eps0.6427_ms8,dbscan,5,2,0.0070921985815602835,0.9929078014184397,9,195,-0.010406606830656528,0.642653,8.0,,False
umap,dbscan_eps0.6591_ms8,dbscan,4,2,0.0070921985815602835,0.9929078014184397,9,205,-0.01629430055618286,0.659121,8.0,,False
umap,dbscan_eps0.6706_ms8,dbscan,3,2,0.0070921985815602835,0.9929078014184397,13,214,-0.029193434864282608,0.670645,8.0,,False
umap,dbscan_eps0.4126_ms10,dbscan,5,167,0.5921985815602837,0.4078014184397163,11,41,0.16993606090545654,0.412615,10.0,,False
umap,dbscan_eps0.4267_ms10,dbscan,6,156,0.5531914893617021,0.44680851063829785,10,42,0.15897144377231598,0.42674,10.0,,False
umap,dbscan_eps0.4373_ms10,dbscan,7,141,0.5,0.5,10,42,0.14392530918121338,0.437273,10.0,,False
umap,dbscan_eps0.4555_ms10,dbscan,8,129,0.4574468085106383,0.5425531914893617,10,42,0.13619357347488403,0.455471,10.0,,False
umap,dbscan_eps0.4661_ms10,dbscan,8,125,0.4432624113475177,0.5567375886524822,10,42,0.130309596657753,0.466127,10.0,,False
umap,dbscan_eps0.4826_ms10,dbscan,8,113,0.40070921985815605,0.599290780141844,10,44,0.11257726699113846,0.482646,10.0,,False
umap,dbscan_eps0.4910_ms10,dbscan,10,90,0.3191489361702128,0.6808510638297872,10,47,0.1011110320687294,0.490965,10.0,,False
umap,dbscan_eps0.5093_ms10,dbscan,10,88,0.3120567375886525,0.6879432624113475,10,47,0.09954037517309189,0.509311,10.0,,False
umap,dbscan_eps0.5301_ms10,dbscan,12,66,0.23404255319148937,0.7659574468085106,9,47,0.08121587336063385,0.53014,10.0,,False
umap,dbscan_eps0.5420_ms10,dbscan,11,57,0.20212765957446807,0.7978723404255319,10,47,0.08534462749958038,0.541978,10.0,,False
umap,dbscan_eps0.5576_ms10,dbscan,11,46,0.16312056737588654,0.8368794326241135,7,65,0.01512004155665636,0.55757,10.0,,False
umap,dbscan_eps0.5716_ms10,dbscan,10,40,0.14184397163120568,0.8581560283687943,6,67,-0.007488506380468607,0.571608,10.0,,False
umap,dbscan_eps0.5809_ms10,dbscan,10,32,0.11347517730496454,0.8865248226950354,5,72,-0.022515513002872467,0.580884,10.0,,False
umap,dbscan_eps0.5920_ms10,dbscan,9,27,0.09574468085106383,0.9042553191489362,10,75,0.039907507598400116,0.592032,10.0,,False
umap,dbscan_eps0.6068_ms10,dbscan,8,26,0.09219858156028368,0.9078014184397163,10,73,0.041430264711380005,0.606818,10.0,,False
umap,dbscan_eps0.6156_ms10,dbscan,6,24,0.0851063829787234,0.9148936170212766,10,163,0.011881358921527863,0.615597,10.0,,False
umap,dbscan_eps0.6291_ms10,dbscan,6,17,0.06028368794326241,0.9397163120567376,10,169,0.008908741176128387,0.629136,10.0,,False
umap,dbscan_eps0.6368_ms10,dbscan,6,17,0.06028368794326241,0.9397163120567376,10,169,0.008908741176128387,0.636822,10.0,,False
umap,dbscan_eps0.6458_ms10,dbscan,6,9,0.031914893617021274,0.9680851063829787,10,177,0.003230201080441475,0.645771,10.0,,False
umap,dbscan_eps0.6550_ms10,dbscan,5,4,0.014184397163120567,0.9858156028368794,10,191,-0.009288177825510502,0.655019,10.0,,False
umap,dbscan_eps0.6625_ms10,dbscan,5,3,0.010638297872340425,0.9893617021276596,10,191,-0.010239217430353165,0.662535,10.0,,False
umap,dbscan_eps0.6735_ms10,dbscan,5,3,0.010638297872340425,0.9893617021276596,9,192,-0.010322057642042637,0.673538,10.0,,False
umap,dbscan_eps0.6826_ms10,dbscan,3,2,0.0070921985815602835,0.9929078014184397,13,214,-0.029193434864282608,0.682641,10.0,,False
umap,dbscan_eps0.7035_ms10,dbscan,3,1,0.0035460992907801418,0.9964539007092199,13,214,-0.030373811721801758,0.703488,10.0,,False
umap,dbscan_eps0.7149_ms10,dbscan,3,1,0.0035460992907801418,0.9964539007092199,13,214,-0.030373811721801758,0.714922,10.0,,False
umap,dbscan_eps0.7396_ms10,dbscan,3,0,0.0,1.0,13,215,-0.03141707926988602,0.739601,10.0,,False
umap,dbscan_eps0.7696_ms10,dbscan,3,0,0.0,1.0,13,215,-0.03141707926988602,0.769616,10.0,,False
umap,dbscan_eps0.7985_ms10,dbscan,3,0,0.0,1.0,13,215,-0.03141707926988602,0.798505,10.0,,False
umap,hdbscan_mcs5_ms1,hdbscan,22,41,0.1453900709219858,0.8546099290780141,5,45,0.0749480351805687,,1.0,5.0,False
umap,hdbscan_mcs5_ms3,hdbscan,20,46,0.16312056737588654,0.8368794326241135,5,44,0.08204367756843567,,3.0,5.0,False
umap,hdbscan_mcs5_ms5,hdbscan,16,58,0.20567375886524822,0.7943262411347518,5,41,0.07739400863647461,,5.0,5.0,False
umap,hdbscan_mcs8_ms1,hdbscan,14,24,0.0851063829787234,0.9148936170212766,8,46,0.07014282792806625,,1.0,8.0,False
umap,hdbscan_mcs8_ms3,hdbscan,4,3,0.010638297872340425,0.9893617021276596,8,214,-0.02162969671189785,,3.0,8.0,False
umap,hdbscan_mcs8_ms5,hdbscan,3,1,0.0035460992907801418,0.9964539007092199,13,214,-0.030373811721801758,,5.0,8.0,False
umap,hdbscan_mcs8_ms8,hdbscan,3,0,0.0,1.0,13,214,-0.03142161667346954,,8.0,8.0,False
umap,hdbscan_mcs10_ms1,hdbscan,3,0,0.0,1.0,13,215,-0.03141707926988602,,1.0,10.0,False
umap,hdbscan_mcs10_ms3,hdbscan,3,1,0.0035460992907801418,0.9964539007092199,13,214,-0.030373811721801758,,3.0,10.0,False
umap,hdbscan_mcs10_ms5,hdbscan,3,1,0.0035460992907801418,0.9964539007092199,13,214,-0.030373811721801758,,5.0,10.0,False
umap,hdbscan_mcs10_ms8,hdbscan,3,0,0.0,1.0,13,214,-0.03142161667346954,,8.0,10.0,False
umap,hdbscan_mcs10_ms10,hdbscan,3,2,0.0070921985815602835,0.9929078014184397,13,212,-0.029801195487380028,,10.0,10.0,False
umap,hdbscan_mcs12_ms1,hdbscan,3,0,0.0,1.0,13,215,-0.03141707926988602,,1.0,12.0,False
umap,hdbscan_mcs12_ms3,hdbscan,3,1,0.0035460992907801418,0.9964539007092199,13,214,-0.030373811721801758,,3.0,12.0,False
umap,hdbscan_mcs12_ms5,hdbscan,3,1,0.0035460992907801418,0.9964539007092199,13,214,-0.030373811721801758,,5.0,12.0,False
umap,hdbscan_mcs12_ms8,hdbscan,3,0,0.0,1.0,13,214,-0.03142161667346954,,8.0,12.0,False
umap,hdbscan_mcs12_ms10,hdbscan,3,2,0.0070921985815602835,0.9929078014184397,13,212,-0.029801195487380028,,10.0,12.0,False
umap,hdbscan_mcs15_ms1,hdbscan,2,0,0.0,1.0,54,228,0.07958932965993881,,1.0,15.0,False
umap,hdbscan_mcs15_ms3,hdbscan,2,0,0.0,1.0,54,228,0.07958932965993881,,3.0,15.0,False
umap,hdbscan_mcs15_ms5,hdbscan,2,0,0.0,1.0,54,228,0.07958932965993881,,5.0,15.0,False
umap,hdbscan_mcs15_ms8,hdbscan,2,0,0.0,1.0,55,227,0.08135917037725449,,8.0,15.0,True
umap,hdbscan_mcs15_ms10,hdbscan,2,0,0.0,1.0,55,227,0.08135917037725449,,10.0,15.0,False
umap,hdbscan_mcs20_ms1,hdbscan,2,0,0.0,1.0,54,228,0.07958932965993881,,1.0,20.0,False
umap,hdbscan_mcs20_ms3,hdbscan,2,0,0.0,1.0,54,228,0.07958932965993881,,3.0,20.0,False
umap,hdbscan_mcs20_ms5,hdbscan,2,0,0.0,1.0,54,228,0.07958932965993881,,5.0,20.0,False
umap,hdbscan_mcs20_ms8,hdbscan,2,0,0.0,1.0,55,227,0.08135917037725449,,8.0,20.0,False
umap,hdbscan_mcs20_ms10,hdbscan,2,0,0.0,1.0,55,227,0.08135917037725449,,10.0,20.0,False
zhicheng_umap10,hdbscan_mcs5_ms1,hdbscan,18,42,0.14893617021276595,0.851063829787234,5,55,0.07812557369470596,,1.0,5.0,False
zhicheng_umap10,hdbscan_mcs5_ms3,hdbscan,18,53,0.1879432624113475,0.8120567375886525,5,55,0.07623326778411865,,3.0,5.0,False
zhicheng_umap10,hdbscan_mcs5_ms5,hdbscan,12,74,0.2624113475177305,0.7375886524822695,6,55,0.09470204263925552,,5.0,5.0,False
zhicheng_umap10,hdbscan_mcs8_ms1,hdbscan,14,58,0.20567375886524822,0.7943262411347518,8,55,0.07595713436603546,,1.0,8.0,False
zhicheng_umap10,hdbscan_mcs8_ms3,hdbscan,11,62,0.2198581560283688,0.7801418439716312,10,55,0.0724346712231636,,3.0,8.0,False
zhicheng_umap10,hdbscan_mcs8_ms5,hdbscan,3,0,0.0,1.0,13,214,-0.03142161667346954,,5.0,8.0,False
zhicheng_umap10,hdbscan_mcs8_ms8,hdbscan,3,0,0.0,1.0,13,214,-0.03142161667346954,,8.0,8.0,False
zhicheng_umap10,hdbscan_mcs10_ms1,hdbscan,12,64,0.22695035460992907,0.7730496453900709,11,55,0.06753797084093094,,1.0,10.0,False
zhicheng_umap10,hdbscan_mcs10_ms3,hdbscan,3,0,0.0,1.0,13,214,-0.03142161667346954,,3.0,10.0,False
zhicheng_umap10,hdbscan_mcs10_ms5,hdbscan,3,0,0.0,1.0,13,214,-0.03142161667346954,,5.0,10.0,False
zhicheng_umap10,hdbscan_mcs10_ms8,hdbscan,3,0,0.0,1.0,13,214,-0.03142161667346954,,8.0,10.0,False
zhicheng_umap10,hdbscan_mcs10_ms10,hdbscan,3,1,0.0035460992907801418,0.9964539007092199,13,213,-0.03125375881791115,,10.0,10.0,False
zhicheng_umap10,hdbscan_mcs12_ms1,hdbscan,3,0,0.0,1.0,13,214,-0.03142161667346954,,1.0,12.0,False
zhicheng_umap10,hdbscan_mcs12_ms3,hdbscan,3,0,0.0,1.0,13,214,-0.03142161667346954,,3.0,12.0,False
zhicheng_umap10,hdbscan_mcs12_ms5,hdbscan,3,0,0.0,1.0,13,214,-0.03142161667346954,,5.0,12.0,False
zhicheng_umap10,hdbscan_mcs12_ms8,hdbscan,3,0,0.0,1.0,13,214,-0.03142161667346954,,8.0,12.0,False
zhicheng_umap10,hdbscan_mcs12_ms10,hdbscan,3,1,0.0035460992907801418,0.9964539007092199,13,213,-0.03125375881791115,,10.0,12.0,False
zhicheng_umap10,hdbscan_mcs15_ms1,hdbscan,2,0,0.0,1.0,55,227,0.08135917037725449,,1.0,15.0,True
zhicheng_umap10,hdbscan_mcs15_ms3,hdbscan,2,0,0.0,1.0,55,227,0.08135917037725449,,3.0,15.0,False
zhicheng_umap10,hdbscan_mcs15_ms5,hdbscan,2,0,0.0,1.0,55,227,0.08135917037725449,,5.0,15.0,False
zhicheng_umap10,hdbscan_mcs15_ms8,hdbscan,2,0,0.0,1.0,55,227,0.08135917037725449,,8.0,15.0,False
zhicheng_umap10,hdbscan_mcs15_ms10,hdbscan,2,0,0.0,1.0,55,227,0.08135917037725449,,10.0,15.0,False
zhicheng_umap10,hdbscan_mcs20_ms1,hdbscan,2,0,0.0,1.0,55,227,0.08135917037725449,,1.0,20.0,False
zhicheng_umap10,hdbscan_mcs20_ms3,hdbscan,2,0,0.0,1.0,55,227,0.08135917037725449,,3.0,20.0,False
zhicheng_umap10,hdbscan_mcs20_ms5,hdbscan,2,0,0.0,1.0,55,227,0.08135917037725449,,5.0,20.0,False
zhicheng_umap10,hdbscan_mcs20_ms8,hdbscan,2,0,0.0,1.0,55,227,0.08135917037725449,,8.0,20.0,False
zhicheng_umap10,hdbscan_mcs20_ms10,hdbscan,2,0,0.0,1.0,55,227,0.08135917037725449,,10.0,20.0,False
