space,algorithm,config,n_components,n_neighbors,min_cluster_size,min_samples,cluster_count,noise_count,noise_fraction,coverage,smallest_cluster,largest_cluster,silhouette_original_cosine,ari_vs_zhicheng_shared,is_zhicheng_shared
umap5,hdbscan,nn5_hdbscan_mcs5_ms1,5,5,5,1,32,18,0.03938730853391685,0.9606126914660832,5,52,0.022986415773630142,0.539774258618425,False
umap5,hdbscan,nn5_hdbscan_mcs5_ms3,5,5,5,3,29,23,0.05032822757111598,0.949671772428884,5,60,0.033822089433670044,0.5353410811224726,False
umap5,hdbscan,nn5_hdbscan_mcs5_ms5,5,5,5,5,26,46,0.10065645514223195,0.899343544857768,5,58,0.06281539797782898,0.5223254365396021,False
umap5,hdbscan,nn5_hdbscan_mcs8_ms1,5,5,8,1,19,11,0.024070021881838075,0.975929978118162,12,60,0.044438496232032776,0.5268166194161529,False
umap5,hdbscan,nn5_hdbscan_mcs8_ms3,5,5,8,3,19,13,0.028446389496717725,0.9715536105032823,12,60,0.04595772549510002,0.5269869432805107,False
umap5,hdbscan,nn5_hdbscan_mcs8_ms5,5,5,8,5,19,38,0.08315098468271334,0.9168490153172867,11,58,0.04965415596961975,0.5351982723170174,False
umap5,hdbscan,nn5_hdbscan_mcs8_ms8,5,5,8,8,19,53,0.11597374179431072,0.8840262582056893,10,57,0.04380270838737488,0.5251826802785604,False
umap5,hdbscan,nn5_hdbscan_mcs10_ms1,5,5,10,1,19,11,0.024070021881838075,0.975929978118162,12,60,0.044438496232032776,0.5268166194161529,False
umap5,hdbscan,nn5_hdbscan_mcs10_ms3,5,5,10,3,19,13,0.028446389496717725,0.9715536105032823,12,60,0.04595772549510002,0.5269869432805107,False
umap5,hdbscan,nn5_hdbscan_mcs10_ms5,5,5,10,5,19,38,0.08315098468271334,0.9168490153172867,11,58,0.04965415596961975,0.5351982723170174,False
umap5,hdbscan,nn5_hdbscan_mcs10_ms8,5,5,10,8,19,53,0.11597374179431072,0.8840262582056893,10,57,0.04380270838737488,0.5251826802785604,False
umap5,hdbscan,nn5_hdbscan_mcs10_ms10,5,5,10,10,18,51,0.11159737417943107,0.888402625820569,11,57,0.03845149651169777,0.49097640774616236,False
umap5,hdbscan,nn5_hdbscan_mcs12_ms1,5,5,12,1,19,11,0.024070021881838075,0.975929978118162,12,60,0.044438496232032776,0.5268166194161529,False
umap5,hdbscan,nn5_hdbscan_mcs12_ms3,5,5,12,3,19,13,0.028446389496717725,0.9715536105032823,12,60,0.04595772549510002,0.5269869432805107,False
umap5,hdbscan,nn5_hdbscan_mcs12_ms5,5,5,12,5,18,36,0.0787746170678337,0.9212253829321663,12,58,0.04115773364901543,0.5335249142276097,False
umap5,hdbscan,nn5_hdbscan_mcs12_ms8,5,5,12,8,16,65,0.1422319474835886,0.8577680525164114,12,57,0.05615946650505066,0.4690097715926602,False
umap5,hdbscan,nn5_hdbscan_mcs12_ms10,5,5,12,10,16,73,0.15973741794310722,0.8402625820568927,12,57,0.05512332543730736,0.4478486687955727,False
umap5,hdbscan,nn5_hdbscan_mcs15_ms1,5,5,15,1,15,48,0.1050328227571116,0.8949671772428884,15,60,0.028790457174181938,0.48127393691259396,False
umap5,hdbscan,nn5_hdbscan_mcs15_ms3,5,5,15,3,15,50,0.10940919037199125,0.8905908096280087,16,60,0.030233753845095634,0.47620348924825484,False
umap5,hdbscan,nn5_hdbscan_mcs15_ms5,5,5,15,5,14,68,0.1487964989059081,0.8512035010940919,15,58,0.025111917406320572,0.44238147817788975,False
umap5,hdbscan,nn5_hdbscan_mcs15_ms8,5,5,15,8,13,102,0.22319474835886213,0.7768052516411379,16,57,0.04931190237402916,0.3799587488381634,False
umap5,hdbscan,nn5_hdbscan_mcs15_ms10,5,5,15,10,13,110,0.24070021881838075,0.7592997811816192,15,57,0.047654688358306885,0.3579204204392411,False
umap5,hdbscan,nn5_hdbscan_mcs20_ms1,5,5,20,1,11,114,0.24945295404814005,0.75054704595186,20,60,0.03873363509774208,0.34262429486366347,False
umap5,hdbscan,nn5_hdbscan_mcs20_ms3,5,5,20,3,11,117,0.25601750547045954,0.7439824945295405,20,60,0.041219763457775116,0.33518822600936643,False
umap5,hdbscan,nn5_hdbscan_mcs20_ms5,5,5,20,5,8,127,0.2778993435448578,0.7221006564551422,21,81,0.027315128594636917,0.27931292967680243,False
umap5,hdbscan,nn5_hdbscan_mcs20_ms8,5,5,20,8,7,98,0.21444201312910285,0.7855579868708972,20,96,0.0369766429066658,0.2790140163912784,False
umap5,hdbscan,nn5_hdbscan_mcs20_ms10,5,5,20,10,6,142,0.31072210065645517,0.6892778993435449,22,92,0.05639225244522095,0.22236720125011533,False
umap5,hdbscan,nn10_hdbscan_mcs5_ms1,5,10,5,1,34,53,0.11597374179431072,0.8840262582056893,5,33,0.05662543326616287,0.48277783047774264,False
umap5,hdbscan,nn10_hdbscan_mcs5_ms3,5,10,5,3,31,73,0.15973741794310722,0.8402625820568927,5,32,0.060915153473615646,0.45891364944434754,False
umap5,hdbscan,nn10_hdbscan_mcs5_ms5,5,10,5,5,21,74,0.16192560175054704,0.838074398249453,5,98,0.06520041078329086,0.436398806529718,False
umap5,hdbscan,nn10_hdbscan_mcs8_ms1,5,10,8,1,18,50,0.10940919037199125,0.8905908096280087,9,113,0.06292087584733963,0.43563009939344144,False
umap5,hdbscan,nn10_hdbscan_mcs8_ms3,5,10,8,3,18,63,0.13785557986870897,0.862144420131291,9,111,0.06396917998790741,0.41158885157264147,False
umap5,hdbscan,nn10_hdbscan_mcs8_ms5,5,10,8,5,16,76,0.16630196936542668,0.8336980306345733,10,98,0.07190075516700745,0.4514042092456231,False
umap5,hdbscan,nn10_hdbscan_mcs8_ms8,5,10,8,8,15,96,0.2100656455142232,0.7899343544857768,8,92,0.07573030889034271,0.3843708608222478,False
umap5,hdbscan,nn10_hdbscan_mcs10_ms1,5,10,10,1,20,80,0.175054704595186,0.824945295404814,11,36,0.07307755947113037,0.5162597834577407,False
umap5,hdbscan,nn10_hdbscan_mcs10_ms3,5,10,10,3,15,50,0.10940919037199125,0.8905908096280087,11,111,0.05584629625082016,0.4055780624456448,False
umap5,hdbscan,nn10_hdbscan_mcs10_ms5,5,10,10,5,16,76,0.16630196936542668,0.8336980306345733,10,98,0.07190075516700745,0.4514042092456231,False
umap5,hdbscan,nn10_hdbscan_mcs10_ms8,5,10,10,8,14,91,0.19912472647702406,0.8008752735229759,11,92,0.07212222367525101,0.3925215216431646,False
umap5,hdbscan,nn10_hdbscan_mcs10_ms10,5,10,10,10,14,97,0.212253829321663,0.787746170678337,10,90,0.075077123939991,0.3831054274539927,False
umap5,hdbscan,nn10_hdbscan_mcs12_ms1,5,10,12,1,14,54,0.11816192560175055,0.8818380743982495,12,113,0.048267412930727005,0.3965038640028072,False
umap5,hdbscan,nn10_hdbscan_mcs12_ms3,5,10,12,3,14,61,0.13347921225382933,0.8665207877461707,12,111,0.05060182139277458,0.38971386300768657,False
umap5,hdbscan,nn10_hdbscan_mcs12_ms5,5,10,12,5,14,97,0.212253829321663,0.787746170678337,12,98,0.06499212980270386,0.4020873772329987,False
umap5,hdbscan,nn10_hdbscan_mcs12_ms8,5,10,12,8,12,113,0.24726477024070023,0.7527352297592997,12,92,0.06480246037244797,0.340891273488028,False
umap5,hdbscan,nn10_hdbscan_mcs12_ms10,5,10,12,10,10,101,0.2210065645514223,0.7789934354485777,12,130,0.050813090056180954,0.2907603404831261,False
umap5,hdbscan,nn10_hdbscan_mcs15_ms1,5,10,15,1,11,91,0.19912472647702406,0.8008752735229759,16,113,0.041657838970422745,0.3349714303728869,False
umap5,hdbscan,nn10_hdbscan_mcs15_ms3,5,10,15,3,11,98,0.21444201312910285,0.7855579868708972,16,111,0.042591143399477005,0.3236670365301419,False
umap5,hdbscan,nn10_hdbscan_mcs15_ms5,5,10,15,5,9,128,0.2800875273522976,0.7199124726477024,15,98,0.06344058364629745,0.31549454292271156,False
umap5,hdbscan,nn10_hdbscan_mcs15_ms8,5,10,15,8,8,137,0.29978118161925604,0.700218818380744,15,119,0.049808405339717865,0.2626971822740318,False
umap5,hdbscan,nn10_hdbscan_mcs15_ms10,5,10,15,10,8,126,0.27571115973741794,0.7242888402625821,15,130,0.04463348910212517,0.24846673011750237,False
umap5,hdbscan,nn10_hdbscan_mcs20_ms1,5,10,20,1,5,175,0.38293216630196936,0.6170678336980306,20,113,0.06513214111328125,0.1892571552675754,False
umap5,hdbscan,nn10_hdbscan_mcs20_ms3,5,10,20,3,4,156,0.3413566739606127,0.6586433260393874,34,153,0.05128062516450882,0.17537486154118526,False
umap5,hdbscan,nn10_hdbscan_mcs20_ms5,5,10,20,5,5,138,0.30196936542669583,0.6980306345733042,32,154,0.02810909040272236,0.21966655531838766,False
umap5,hdbscan,nn10_hdbscan_mcs20_ms8,5,10,20,8,4,176,0.3851203501094092,0.6148796498905909,37,146,0.0486561581492424,0.16615306331352625,False
umap5,hdbscan,nn10_hdbscan_mcs20_ms10,5,10,20,10,4,193,0.4223194748358862,0.5776805251641138,36,130,0.0650600716471672,0.15273980930040143,False
umap5,hdbscan,nn15_hdbscan_mcs5_ms1,5,15,5,1,32,57,0.12472647702407003,0.87527352297593,5,53,0.05151291936635971,0.4625092968368267,False
umap5,hdbscan,nn15_hdbscan_mcs5_ms3,5,15,5,3,27,60,0.13129102844638948,0.8687089715536105,5,52,0.06604945659637451,0.5550600141873387,False
umap5,hdbscan,nn15_hdbscan_mcs5_ms5,5,15,5,5,23,119,0.2603938730853392,0.7396061269146609,6,50,0.08886371552944183,0.36815603613633113,False
umap5,hdbscan,nn15_hdbscan_mcs8_ms1,5,15,8,1,22,58,0.12691466083150985,0.8730853391684902,8,53,0.07517042011022568,0.5744884560302737,False
umap5,hdbscan,nn15_hdbscan_mcs8_ms3,5,15,8,3,21,60,0.13129102844638948,0.8687089715536105,8,52,0.06940346956253052,0.5692557903860748,False
umap5,hdbscan,nn15_hdbscan_mcs8_ms5,5,15,8,5,18,129,0.28227571115973743,0.7177242888402626,8,50,0.09332834929227829,0.3789865927744733,False
umap5,hdbscan,nn15_hdbscan_mcs8_ms8,5,15,8,8,15,115,0.25164113785557984,0.7483588621444202,8,87,0.0763154923915863,0.3604638436384703,False
umap5,hdbscan,nn15_hdbscan_mcs10_ms1,5,15,10,1,17,58,0.12691466083150985,0.8730853391684902,10,53,0.0782572478055954,0.5626551699602683,False
umap5,hdbscan,nn15_hdbscan_mcs10_ms3,5,15,10,3,17,71,0.15536105032822758,0.8446389496717724,10,52,0.08186374604701996,0.5311409366880301,False
umap5,hdbscan,nn15_hdbscan_mcs10_ms5,5,15,10,5,14,108,0.2363238512035011,0.7636761487964989,11,105,0.06238119676709175,0.3409072718342231,False
umap5,hdbscan,nn15_hdbscan_mcs10_ms8,5,15,10,8,14,123,0.26914660831509846,0.7308533916849015,11,87,0.07797198742628098,0.33879494861618875,False
umap5,hdbscan,nn15_hdbscan_mcs10_ms10,5,15,10,10,14,146,0.31947483588621445,0.6805251641137856,11,77,0.08978741616010666,0.286893805771271,False
umap5,hdbscan,nn15_hdbscan_mcs12_ms1,5,15,12,1,15,79,0.17286652078774617,0.8271334792122538,12,53,0.07258011400699615,0.5034122581028441,False
umap5,hdbscan,nn15_hdbscan_mcs12_ms3,5,15,12,3,15,92,0.2013129102844639,0.7986870897155361,12,52,0.07609240710735321,0.46602100285090065,False
umap5,hdbscan,nn15_hdbscan_mcs12_ms5,5,15,12,5,5,13,0.028446389496717725,0.9715536105032823,12,384,-0.03318188339471817,0.04208779349482091,False
umap5,hdbscan,nn15_hdbscan_mcs12_ms8,5,15,12,8,12,119,0.2603938730853392,0.7396061269146609,12,113,0.05811582878232002,0.30043024940480656,False
umap5,hdbscan,nn15_hdbscan_mcs12_ms10,5,15,12,10,4,13,0.028446389496717725,0.9715536105032823,13,397,0.014934306964278221,0.03214044416393606,False
umap5,hdbscan,nn15_hdbscan_mcs15_ms1,5,15,15,1,3,24,0.0525164113785558,0.9474835886214442,15,398,0.06298535317182541,0.03429841601312058,False
umap5,hdbscan,nn15_hdbscan_mcs15_ms3,5,15,15,3,3,24,0.0525164113785558,0.9474835886214442,15,398,0.06298535317182541,0.03429841601312058,False
umap5,hdbscan,nn15_hdbscan_mcs15_ms5,5,15,15,5,3,24,0.0525164113785558,0.9474835886214442,15,398,0.06298535317182541,0.03429841601312058,False
umap5,hdbscan,nn15_hdbscan_mcs15_ms8,5,15,15,8,3,25,0.05470459518599562,0.9452954048140044,15,398,0.062111467123031616,0.03246285248760585,False
umap5,hdbscan,nn15_hdbscan_mcs15_ms10,5,15,15,10,3,26,0.05689277899343545,0.9431072210065645,15,397,0.06242864206433296,0.031840437771544695,False
umap5,hdbscan,nn15_hdbscan_mcs20_ms1,5,15,20,1,2,39,0.08533916849015317,0.9146608315098468,20,398,0.07777205854654312,0.03365572489092804,False
umap5,hdbscan,nn15_hdbscan_mcs20_ms3,5,15,20,3,2,39,0.08533916849015317,0.9146608315098468,20,398,0.07777205854654312,0.03365572489092804,False
umap5,hdbscan,nn15_hdbscan_mcs20_ms5,5,15,20,5,2,39,0.08533916849015317,0.9146608315098468,20,398,0.07777205854654312,0.03365572489092804,False
umap5,hdbscan,nn15_hdbscan_mcs20_ms8,5,15,20,8,4,221,0.48358862144420134,0.5164113785557987,34,113,0.06730525195598602,0.1267895324539012,False
umap5,hdbscan,nn15_hdbscan_mcs20_ms10,5,15,20,10,4,199,0.43544857768052514,0.5645514223194749,43,114,0.06200939044356346,0.1430162848416707,False
umap5,hdbscan,nn30_hdbscan_mcs5_ms1,5,30,5,1,31,69,0.15098468271334792,0.849015317286652,5,57,0.07024642080068588,0.37953795869978896,False
umap5,hdbscan,nn30_hdbscan_mcs5_ms3,5,30,5,3,24,78,0.17067833698030635,0.8293216630196937,5,74,0.077995665371418,0.42496620018356007,False
umap5,hdbscan,nn30_hdbscan_mcs5_ms5,5,30,5,5,23,123,0.26914660831509846,0.7308533916849015,5,68,0.11580570042133331,0.34406698160344046,False
umap5,hdbscan,nn30_hdbscan_mcs8_ms1,5,30,8,1,18,68,0.1487964989059081,0.8512035010940919,9,77,0.08380136638879776,0.45229144777739866,False
umap5,hdbscan,nn30_hdbscan_mcs8_ms3,5,30,8,3,19,97,0.212253829321663,0.787746170678337,8,74,0.08731059730052948,0.40439191119954104,False
umap5,hdbscan,nn30_hdbscan_mcs8_ms5,5,30,8,5,14,109,0.23851203501094093,0.7614879649890591,10,96,0.08134965598583221,0.356641876923482,False
umap5,hdbscan,nn30_hdbscan_mcs8_ms8,5,30,8,8,13,146,0.31947483588621445,0.6805251641137856,8,89,0.09007830917835236,0.27455177416784915,False
umap5,hdbscan,nn30_hdbscan_mcs10_ms1,5,30,10,1,16,75,0.16411378555798686,0.8358862144420132,10,77,0.0820259153842926,0.44795619075289034,False
umap5,hdbscan,nn30_hdbscan_mcs10_ms3,5,30,10,3,16,92,0.2013129102844639,0.7986870897155361,10,74,0.09249786287546158,0.43549493410087764,False
umap5,hdbscan,nn30_hdbscan_mcs10_ms5,5,30,10,5,14,109,0.23851203501094093,0.7614879649890591,10,96,0.08134965598583221,0.356641876923482,False
umap5,hdbscan,nn30_hdbscan_mcs10_ms8,5,30,10,8,10,134,0.29321663019693656,0.7067833698030634,10,111,0.05793275684118271,0.2432238499258912,False
umap5,hdbscan,nn30_hdbscan_mcs10_ms10,5,30,10,10,10,182,0.3982494529540481,0.6017505470459519,11,84,0.11277183890342712,0.21495930310038003,False
umap5,hdbscan,nn30_hdbscan_mcs12_ms1,5,30,12,1,13,97,0.212253829321663,0.787746170678337,12,77,0.07286953181028366,0.3964616066628925,False
umap5,hdbscan,nn30_hdbscan_mcs12_ms3,5,30,12,3,12,110,0.24070021881838075,0.7592997811816192,12,74,0.08478272706270218,0.3862077019323968,False
umap5,hdbscan,nn30_hdbscan_mcs12_ms5,5,30,12,5,3,11,0.024070021881838075,0.975929978118162,13,415,0.006412920076400042,0.021371214840799017,False
umap5,hdbscan,nn30_hdbscan_mcs12_ms8,5,30,12,8,3,13,0.028446389496717725,0.9715536105032823,13,414,0.006746167317032814,0.020803566123434928,False
umap5,hdbscan,nn30_hdbscan_mcs12_ms10,5,30,12,10,3,13,0.028446389496717725,0.9715536105032823,13,414,0.006746167317032814,0.020803566123434928,False
umap5,hdbscan,nn30_hdbscan_mcs15_ms1,5,30,15,1,2,24,0.0525164113785558,0.9474835886214442,17,416,0.0616464801132679,0.021779661820225144,False
umap5,hdbscan,nn30_hdbscan_mcs15_ms3,5,30,15,3,2,24,0.0525164113785558,0.9474835886214442,17,416,0.0616464801132679,0.021779661820225144,False
umap5,hdbscan,nn30_hdbscan_mcs15_ms5,5,30,15,5,2,24,0.0525164113785558,0.9474835886214442,18,415,0.06247766688466072,0.021153547071613668,False
umap5,hdbscan,nn30_hdbscan_mcs15_ms8,5,30,15,8,2,26,0.05689277899343545,0.9431072210065645,17,414,0.062193579971790314,0.020546297070747722,False
umap5,hdbscan,nn30_hdbscan_mcs15_ms10,5,30,15,10,2,26,0.05689277899343545,0.9431072210065645,17,414,0.062193579971790314,0.020546297070747722,False
umap5,hdbscan,nn30_hdbscan_mcs20_ms1,5,30,20,1,5,142,0.31072210065645517,0.6892778993435449,37,122,0.04670209810137749,0.23140504519992336,False
umap5,hdbscan,nn30_hdbscan_mcs20_ms3,5,30,20,3,5,156,0.3413566739606127,0.6586433260393874,35,116,0.05110498145222664,0.2138640363025789,False
umap5,hdbscan,nn30_hdbscan_mcs20_ms5,5,30,20,5,4,194,0.424507658643326,0.5754923413566739,30,105,0.07028955221176147,0.1470148077470057,False
umap5,hdbscan,nn30_hdbscan_mcs20_ms8,5,30,20,8,3,200,0.437636761487965,0.562363238512035,45,123,0.11933368444442749,0.13406319085248783,False
umap5,hdbscan,nn30_hdbscan_mcs20_ms10,5,30,20,10,2,124,0.2713347921225383,0.7286652078774617,42,291,0.08694374561309814,0.059354403428242296,False
umap10,hdbscan,nn5_hdbscan_mcs5_ms1,10,5,5,1,36,37,0.08096280087527352,0.9190371991247265,5,36,0.03204473480582237,0.47817358022508627,False
umap10,hdbscan,nn5_hdbscan_mcs5_ms3,10,5,5,3,28,31,0.06783369803063458,0.9321663019693655,5,59,0.04890035465359688,0.4691273480801657,False
umap10,hdbscan,nn5_hdbscan_mcs5_ms5,10,5,5,5,25,68,0.1487964989059081,0.8512035010940919,5,32,0.06994237005710602,0.44566835874730404,False
umap10,hdbscan,nn5_hdbscan_mcs8_ms1,10,5,8,1,21,31,0.06783369803063458,0.9321663019693655,10,59,0.049372412264347076,0.48464809305903533,False
umap10,hdbscan,nn5_hdbscan_mcs8_ms3,10,5,8,3,21,40,0.087527352297593,0.912472647702407,10,59,0.05226293206214905,0.4736243148147805,False
umap10,hdbscan,nn5_hdbscan_mcs8_ms5,10,5,8,5,21,63,0.13785557986870897,0.862144420131291,10,59,0.06205245479941368,0.44319026619655466,False
umap10,hdbscan,nn5_hdbscan_mcs8_ms8,10,5,8,8,20,66,0.14442013129102846,0.8555798687089715,9,55,0.06218380108475685,0.47932282384304836,False
umap10,hdbscan,nn5_hdbscan_mcs10_ms1,10,5,10,1,21,31,0.06783369803063458,0.9321663019693655,10,59,0.049372412264347076,0.48464809305903533,False
umap10,hdbscan,nn5_hdbscan_mcs10_ms3,10,5,10,3,21,40,0.087527352297593,0.912472647702407,10,59,0.05226293206214905,0.4736243148147805,False
umap10,hdbscan,nn5_hdbscan_mcs10_ms5,10,5,10,5,20,55,0.12035010940919037,0.8796498905908097,10,59,0.06289783120155334,0.49849402913780044,False
umap10,hdbscan,nn5_hdbscan_mcs10_ms8,10,5,10,8,19,64,0.1400437636761488,0.8599562363238512,10,55,0.05714283138513565,0.4821964567365687,False
umap10,hdbscan,nn5_hdbscan_mcs10_ms10,10,5,10,10,18,88,0.1925601750547046,0.8074398249452954,10,54,0.06435239315032959,0.42962558136347845,False
umap10,hdbscan,nn5_hdbscan_mcs12_ms1,10,5,12,1,17,34,0.07439824945295405,0.925601750547046,12,59,0.035559289157390594,0.4909577943269957,False
umap10,hdbscan,nn5_hdbscan_mcs12_ms3,10,5,12,3,17,38,0.08315098468271334,0.9168490153172867,12,59,0.03842753916978836,0.49328664790596105,False
umap10,hdbscan,nn5_hdbscan_mcs12_ms5,10,5,12,5,16,63,0.13785557986870897,0.862144420131291,12,59,0.04344816133379936,0.4678703508629712,False
umap10,hdbscan,nn5_hdbscan_mcs12_ms8,10,5,12,8,15,106,0.23194748358862144,0.7680525164113785,12,55,0.052515577524900436,0.3769043700188047,False
umap10,hdbscan,nn5_hdbscan_mcs12_ms10,10,5,12,10,16,109,0.23851203501094093,0.7614879649890591,12,54,0.05683758482336998,0.36844158351386697,False
umap10,hdbscan,nn5_hdbscan_mcs15_ms1,10,5,15,1,14,44,0.0962800875273523,0.9037199124726477,15,59,0.021085957065224648,0.4518777001932078,False
umap10,hdbscan,nn5_hdbscan_mcs15_ms3,10,5,15,3,14,47,0.10284463894967177,0.8971553610503282,15,59,0.023411767557263374,0.4528810408938295,False
umap10,hdbscan,nn5_hdbscan_mcs15_ms5,10,5,15,5,12,74,0.16192560175054704,0.838074398249453,15,68,0.020371314138174057,0.3914481199967182,False
umap10,hdbscan,nn5_hdbscan_mcs15_ms8,10,5,15,8,11,124,0.2713347921225383,0.7286652078774617,15,64,0.04507496580481529,0.30583529631107265,False
umap10,hdbscan,nn5_hdbscan_mcs15_ms10,10,5,15,10,11,135,0.29540481400437635,0.7045951859956237,15,65,0.04874525964260101,0.27853642923781075,False
umap10,hdbscan,nn5_hdbscan_mcs20_ms1,10,5,20,1,10,106,0.23194748358862144,0.7680525164113785,20,59,0.04615199938416481,0.34134512496810376,False
umap10,hdbscan,nn5_hdbscan_mcs20_ms3,10,5,20,3,9,107,0.23413566739606126,0.7658643326039387,20,74,0.040448274463415146,0.3204077744161207,False
umap10,hdbscan,nn5_hdbscan_mcs20_ms5,10,5,20,5,8,121,0.2647702407002188,0.7352297592997812,22,78,0.03786382079124451,0.28848497753302743,False
umap10,hdbscan,nn5_hdbscan_mcs20_ms8,10,5,20,8,8,155,0.33916849015317285,0.6608315098468271,20,75,0.037564974278211594,0.2277231820076416,False
umap10,hdbscan,nn5_hdbscan_mcs20_ms10,10,5,20,10,2,49,0.10722100656455143,0.8927789934354485,22,386,0.08309491723775864,0.03091859124398912,False
umap10,hdbscan,nn10_hdbscan_mcs5_ms1,10,10,5,1,36,62,0.13566739606126915,0.8643326039387309,5,24,0.053761426359415054,0.42695039054528516,False
umap10,hdbscan,nn10_hdbscan_mcs5_ms3,10,10,5,3,31,77,0.16849015317286653,0.8315098468271335,5,29,0.059891074895858765,0.4546571361987742,False
umap10,hdbscan,nn10_hdbscan_mcs5_ms5,10,10,5,5,23,97,0.212253829321663,0.787746170678337,6,52,0.06024772673845291,0.42964479733764227,False
umap10,hdbscan,nn10_hdbscan_mcs8_ms1,10,10,8,1,20,56,0.12253829321663019,0.8774617067833698,8,53,0.06188990920782089,0.4831534894365963,False
umap10,hdbscan,nn10_hdbscan_mcs8_ms3,10,10,8,3,19,62,0.13566739606126915,0.8643326039387309,8,52,0.06875522434711456,0.5192630177374011,False
umap10,hdbscan,nn10_hdbscan_mcs8_ms5,10,10,8,5,17,78,0.17067833698030635,0.8293216630196937,11,52,0.0803346335887909,0.5175166510697313,False
umap10,hdbscan,nn10_hdbscan_mcs8_ms8,10,10,8,8,18,130,0.2844638949671772,0.7155361050328227,8,51,0.09770616888999939,0.38014117286223936,False
umap10,hdbscan,nn10_hdbscan_mcs10_ms1,10,10,10,1,18,60,0.13129102844638948,0.8687089715536105,11,53,0.06652291864156723,0.500464573186907,False
umap10,hdbscan,nn10_hdbscan_mcs10_ms3,10,10,10,3,18,70,0.15317286652078774,0.8468271334792122,11,52,0.0699739083647728,0.503048519397937,False
umap10,hdbscan,nn10_hdbscan_mcs10_ms5,10,10,10,5,17,78,0.17067833698030635,0.8293216630196937,11,52,0.0803346335887909,0.5175166510697313,False
umap10,hdbscan,nn10_hdbscan_mcs10_ms8,10,10,10,8,16,114,0.24945295404814005,0.75054704595186,11,51,0.09713737666606903,0.41777305087045385,False
umap10,hdbscan,nn10_hdbscan_mcs10_ms10,10,10,10,10,13,97,0.212253829321663,0.787746170678337,11,117,0.07024474442005157,0.3429550077319128,False
umap10,hdbscan,nn10_hdbscan_mcs12_ms1,10,10,12,1,16,63,0.13785557986870897,0.862144420131291,12,53,0.06848166882991791,0.5461520043401523,False
umap10,hdbscan,nn10_hdbscan_mcs12_ms3,10,10,12,3,16,73,0.15973741794310722,0.8402625820568927,12,52,0.07173937559127808,0.5452303013498431,False
umap10,hdbscan,nn10_hdbscan_mcs12_ms5,10,10,12,5,14,111,0.24288840262582057,0.7571115973741794,12,52,0.07644109427928925,0.4192282550110298,False
umap10,hdbscan,nn10_hdbscan_mcs12_ms8,10,10,12,8,2,0,0.0,1.0,13,444,0.00321890483610332,0.006592130837579479,False
umap10,hdbscan,nn10_hdbscan_mcs12_ms10,10,10,12,10,2,0,0.0,1.0,13,444,0.00321890483610332,0.006592130837579479,False
umap10,hdbscan,nn10_hdbscan_mcs15_ms1,10,10,15,1,12,113,0.24726477024070023,0.7527352297592997,15,53,0.0653834119439125,0.4056905798121684,False
umap10,hdbscan,nn10_hdbscan_mcs15_ms3,10,10,15,3,12,123,0.26914660831509846,0.7308533916849015,15,52,0.0686790868639946,0.3942798876614928,False
umap10,hdbscan,nn10_hdbscan_mcs15_ms5,10,10,15,5,9,103,0.22538293216630198,0.774617067833698,15,132,0.03852332755923271,0.2875498097655374,False
umap10,hdbscan,nn10_hdbscan_mcs15_ms8,10,10,15,8,4,71,0.15536105032822758,0.8446389496717724,15,337,-0.03764817863702774,0.05952398242924313,False
umap10,hdbscan,nn10_hdbscan_mcs15_ms10,10,10,15,10,8,155,0.33916849015317285,0.6608315098468271,15,117,0.057951174676418304,0.23555562265940164,False
umap10,hdbscan,nn10_hdbscan_mcs20_ms1,10,10,20,1,7,178,0.38949671772428884,0.6105032822757112,20,53,0.0775919109582901,0.23584174107976844,False
umap10,hdbscan,nn10_hdbscan_mcs20_ms3,10,10,20,3,6,183,0.40043763676148797,0.5995623632385121,22,64,0.07709255814552307,0.22094474035726913,False
umap10,hdbscan,nn10_hdbscan_mcs20_ms5,10,10,20,5,5,152,0.33260393873085337,0.6673960612691466,23,132,0.0626538023352623,0.20717446970543357,False
umap10,hdbscan,nn10_hdbscan_mcs20_ms8,10,10,20,8,4,208,0.4551422319474836,0.5448577680525164,25,125,0.06870706379413605,0.15423083921028113,False
umap10,hdbscan,nn10_hdbscan_mcs20_ms10,10,10,20,10,5,204,0.44638949671772427,0.5536105032822757,20,117,0.05463206768035889,0.15752021401187635,False
umap10,hdbscan,nn15_hdbscan_mcs5_ms1,10,15,5,1,35,63,0.13785557986870897,0.862144420131291,5,25,0.05549463629722595,0.6606554867620327,False
umap10,hdbscan,nn15_hdbscan_mcs5_ms3,10,15,5,3,32,74,0.16192560175054704,0.838074398249453,5,25,0.06583499163389206,0.6087509645941992,False
umap10,hdbscan,nn15_hdbscan_mcs5_ms5,10,15,5,5,25,92,0.2013129102844639,0.7986870897155361,5,39,0.10358954966068268,0.5627723920488041,False
umap10,hdbscan,nn15_hdbscan_mcs8_ms1,10,15,8,1,23,52,0.1137855579868709,0.8862144420131292,8,53,0.073750801384449,1.0,True
umap10,hdbscan,nn15_hdbscan_mcs8_ms3,10,15,8,3,22,57,0.12472647702407003,0.87527352297593,8,51,0.08524701744318008,0.8668992759684152,False
umap10,hdbscan,nn15_hdbscan_mcs8_ms5,10,15,8,5,21,93,0.20350109409190373,0.7964989059080962,9,47,0.09688775986433029,0.6013447564668736,False
umap10,hdbscan,nn15_hdbscan_mcs8_ms8,10,15,8,8,18,159,0.3479212253829322,0.6520787746170679,10,39,0.12483496963977814,0.34379605254871337,False
umap10,hdbscan,nn15_hdbscan_mcs10_ms1,10,15,10,1,21,54,0.11816192560175055,0.8818380743982495,10,53,0.07941106706857681,0.9120524361686869,False
umap10,hdbscan,nn15_hdbscan_mcs10_ms3,10,15,10,3,21,65,0.1422319474835886,0.8577680525164114,10,51,0.0870293602347374,0.8311570830821658,False
umap10,hdbscan,nn15_hdbscan_mcs10_ms5,10,15,10,5,19,111,0.24288840262582057,0.7571115973741794,11,47,0.10265764594078064,0.5282054273655598,False
umap10,hdbscan,nn15_hdbscan_mcs10_ms8,10,15,10,8,3,0,0.0,1.0,11,433,0.007359526585787535,0.0126056181137438,False
umap10,hdbscan,nn15_hdbscan_mcs10_ms10,10,15,10,10,3,0,0.0,1.0,11,433,0.007359526585787535,0.0126056181137438,False
umap10,hdbscan,nn15_hdbscan_mcs12_ms1,10,15,12,1,19,75,0.16411378555798686,0.8358862144420132,12,53,0.07415585964918137,0.8165618256152639,False
umap10,hdbscan,nn15_hdbscan_mcs12_ms3,10,15,12,3,19,86,0.18818380743982493,0.811816192560175,12,51,0.0820789784193039,0.7314222356891249,False
umap10,hdbscan,nn15_hdbscan_mcs12_ms5,10,15,12,5,2,0,0.0,1.0,13,444,0.00321890483610332,0.006592130837579479,False
umap10,hdbscan,nn15_hdbscan_mcs12_ms8,10,15,12,8,2,0,0.0,1.0,13,444,0.00321890483610332,0.006592130837579479,False
umap10,hdbscan,nn15_hdbscan_mcs12_ms10,10,15,12,10,2,0,0.0,1.0,13,444,0.00321890483610332,0.006592130837579479,False
umap10,hdbscan,nn15_hdbscan_mcs15_ms1,10,15,15,1,16,113,0.24726477024070023,0.7527352297592997,15,53,0.06661923974752426,0.6306266953558182,False
umap10,hdbscan,nn15_hdbscan_mcs15_ms3,10,15,15,3,14,114,0.24945295404814005,0.75054704595186,15,51,0.05691218748688698,0.5435727282245741,False
umap10,hdbscan,nn15_hdbscan_mcs15_ms5,10,15,15,5,12,131,0.28665207877461707,0.7133479212253829,15,86,0.05665458366274834,0.3957674818143813,False
umap10,hdbscan,nn15_hdbscan_mcs15_ms8,10,15,15,8,3,27,0.05908096280087528,0.9409190371991247,15,396,0.06271445006132126,0.03126167886861233,False
umap10,hdbscan,nn15_hdbscan_mcs15_ms10,10,15,15,10,3,29,0.06345733041575492,0.936542669584245,15,394,0.062372200191020966,0.032149258319070485,False
umap10,hdbscan,nn15_hdbscan_mcs20_ms1,10,15,20,1,8,142,0.31072210065645517,0.6892778993435449,20,79,0.05108006298542023,0.3462906172624279,False
umap10,hdbscan,nn15_hdbscan_mcs20_ms3,10,15,20,3,7,153,0.3347921225382932,0.6652078774617067,20,75,0.05677196383476257,0.308772509814995,False
umap10,hdbscan,nn15_hdbscan_mcs20_ms5,10,15,20,5,6,163,0.35667396061269147,0.6433260393873085,20,133,0.051981087774038315,0.2329898290154215,False
umap10,hdbscan,nn15_hdbscan_mcs20_ms8,10,15,20,8,4,229,0.5010940919037199,0.4989059080962801,25,113,0.07235098630189896,0.14274203678192335,False
umap10,hdbscan,nn15_hdbscan_mcs20_ms10,10,15,20,10,4,218,0.47702407002188185,0.5229759299781181,27,115,0.07347849011421204,0.1508369939842892,False
umap10,hdbscan,nn30_hdbscan_mcs5_ms1,10,30,5,1,30,91,0.19912472647702406,0.8008752735229759,5,44,0.08670543879270554,0.4337998973505411,False
umap10,hdbscan,nn30_hdbscan_mcs5_ms3,10,30,5,3,29,117,0.25601750547045954,0.7439824945295405,5,43,0.09134747087955475,0.3509045903386394,False
umap10,hdbscan,nn30_hdbscan_mcs5_ms5,10,30,5,5,20,119,0.2603938730853392,0.7396061269146609,5,91,0.08635033667087555,0.31592063728378755,False
umap10,hdbscan,nn30_hdbscan_mcs8_ms1,10,30,8,1,21,119,0.2603938730853392,0.7396061269146609,8,44,0.10220023989677429,0.40831676601948874,False
umap10,hdbscan,nn30_hdbscan_mcs8_ms3,10,30,8,3,21,138,0.30196936542669583,0.6980306345733042,8,43,0.11164606362581253,0.3500065937493045,False
umap10,hdbscan,nn30_hdbscan_mcs8_ms5,10,30,8,5,14,146,0.31947483588621445,0.6805251641137856,11,91,0.08871923387050629,0.28304529225263936,False
umap10,hdbscan,nn30_hdbscan_mcs8_ms8,10,30,8,8,3,0,0.0,1.0,11,433,0.007359526585787535,0.0126056181137438,False
umap10,hdbscan,nn30_hdbscan_mcs10_ms1,10,30,10,1,19,119,0.2603938730853392,0.7396061269146609,11,44,0.09511881321668625,0.3970444704383012,False
umap10,hdbscan,nn30_hdbscan_mcs10_ms3,10,30,10,3,17,135,0.29540481400437635,0.7045951859956237,11,49,0.0992533266544342,0.3542520118003828,False
umap10,hdbscan,nn30_hdbscan_mcs10_ms5,10,30,10,5,3,0,0.0,1.0,11,433,0.007359526585787535,0.0126056181137438,False
umap10,hdbscan,nn30_hdbscan_mcs10_ms8,10,30,10,8,3,0,0.0,1.0,11,433,0.007359526585787535,0.0126056181137438,False
umap10,hdbscan,nn30_hdbscan_mcs10_ms10,10,30,10,10,3,0,0.0,1.0,11,433,0.007359526585787535,0.0126056181137438,False
umap10,hdbscan,nn30_hdbscan_mcs12_ms1,10,30,12,1,15,144,0.3150984682713348,0.6849015317286652,13,50,0.08589465171098709,0.3221098448056452,False
umap10,hdbscan,nn30_hdbscan_mcs12_ms3,10,30,12,3,2,0,0.0,1.0,13,444,0.00321890483610332,0.006592130837579479,False
umap10,hdbscan,nn30_hdbscan_mcs12_ms5,10,30,12,5,2,0,0.0,1.0,13,444,0.00321890483610332,0.006592130837579479,False
umap10,hdbscan,nn30_hdbscan_mcs12_ms8,10,30,12,8,2,0,0.0,1.0,13,444,0.00321890483610332,0.006592130837579479,False
umap10,hdbscan,nn30_hdbscan_mcs12_ms10,10,30,12,10,2,0,0.0,1.0,13,444,0.00321890483610332,0.006592130837579479,False
umap10,hdbscan,nn30_hdbscan_mcs15_ms1,10,30,15,1,2,27,0.05908096280087528,0.9409190371991247,17,413,0.06202138587832451,0.0199903745413783,False
umap10,hdbscan,nn30_hdbscan_mcs15_ms3,10,30,15,3,7,133,0.2910284463894967,0.7089715536105032,15,118,0.040672481060028076,0.2153228509830121,False
umap10,hdbscan,nn30_hdbscan_mcs15_ms5,10,30,15,5,2,30,0.06564551422319474,0.9343544857768052,17,410,0.06263396888971329,0.01990619564322903,False
umap10,hdbscan,nn30_hdbscan_mcs15_ms8,10,30,15,8,8,207,0.45295404814004375,0.5470459518599562,16,88,0.07879588007926941,0.162176478035668,False
umap10,hdbscan,nn30_hdbscan_mcs15_ms10,10,30,15,10,7,202,0.4420131291028446,0.5579868708971554,17,94,0.08786489069461823,0.16813804068956886,False
umap10,hdbscan,nn30_hdbscan_mcs20_ms1,10,30,20,1,3,125,0.2735229759299781,0.7264770240700219,36,175,0.08769592642784119,0.15136019865923206,False
umap10,hdbscan,nn30_hdbscan_mcs20_ms3,10,30,20,3,3,135,0.29540481400437635,0.7045951859956237,33,171,0.09507030248641968,0.1472917329328682,False
umap10,hdbscan,nn30_hdbscan_mcs20_ms5,10,30,20,5,3,196,0.4288840262582057,0.5711159737417943,29,132,0.11441408097743988,0.1297406871411521,False
umap10,hdbscan,nn30_hdbscan_mcs20_ms8,10,30,20,8,2,130,0.2844638949671772,0.7155361050328227,27,300,0.07801366597414017,0.05680896608732188,False
umap10,hdbscan,nn30_hdbscan_mcs20_ms10,10,30,20,10,4,255,0.5579868708971554,0.4420131291028446,24,94,0.10352368652820587,0.09697283191858616,False
