keyword,title,abstract,budget,selected_count,passage_ids,subdocument,canonical_text_path,paper_id,authors,year,venue,doi,url,cluster_id,cluster,cluster_theme_terms,cluster_label_candidate,distinguishing_evidence_terms,design_knowledge_form,contribution_type,contribution_type_support,contribution_type_definition,primary_application_domain,application_domain_support,application_domain_definitions,theory_move_key,theory_move,theory_move_support,theory_move_patterns,lda_topic,lda_topic_probability,lda_topic_words,hdbscan_peripheral,discussion_found,discussion_paragraph_count,discussion_summary,discussion_excerpt,keyword_conditioned_context,umap_x,umap_y,distance_to_centroid,representative_rank,medoid_rank,is_representative_top3,nearest_papers,cluster_summary_candidate
Design expertise,Everyday Design Knowledge: A Knowledge-in-Pieces Perspective on HCI Learning,"Learning sciences research shows that intuitive physics knowledge productively supports disciplinary learning through the Knowledge in Pieces (KiP) framework, which treats learners’ everyday intuitions as productive resources. We argue that similar parallels exist in HCI education, where students’ intuitive design knowledge can ground the development of interaction design expertise. Students live in a world saturated with professionally designed artifacts and routinely engage in “everyday design”, cultivating tacit knowledge about interfaces long before formal HCI instruction. This mirrors how intuitive physics knowledge develops through daily physical experience. To support this argument, we analyze first-week assignment submissions from an introductory HCI course in which students critiqued interactive systems. Our findings show that students enter HCI instruction with rich, nuanced intuitions about interface evaluation. We therefore suggest that (1) students’ prior intuitive knowledge is a valuable pedagogical resource for HCI educators, and (2) operationalizing a KiP approach can advance future HCI education research.",12,12,5a25cbf385d6_p0009;5a25cbf385d6_p0012;5a25cbf385d6_p0013;5a25cbf385d6_p0017;5a25cbf385d6_p0023;5a25cbf385d6_p0024;5a25cbf385d6_p0025;5a25cbf385d6_p0065;5a25cbf385d6_p0067;5a25cbf385d6_p0072;5a25cbf385d6_p0076;5a25cbf385d6_p0080,"Challenge of Developing Expertise Following Faiola’s call to center design methodologies in the HCI curriculum, interaction design has become a mainstay of the modern HCI classroom [5, 32]. In higher education computing and engineering programs, these courses now serve the dual purpose of introducing future software developers to human-centered design principles while simultaneously providing an entry point for students explicitly pursuing careers as design professionals in industry (e.g. as UX designers or product designers) [20, 31]. To facilitate these aims, educators have increasingly moved beyond traditional lecture-based formats, adopting pedagogical models from design disciplines like studio-based and project-based learning which foster authentic, constructivist learning environments that mirror professional practice [9, 32]. By immersing students in iterative cycles of research, ideation, and critique, these courses aim to expand students’ value systems beyond functionality, transforming technical problem-solvers into designers capable of creating technologies that are effective and inclusive for diverse end-users.

CAD proficiency) over user needs. Similarly, Gull et al. [10] note a persistent difficulty in shifting focus from functionality to usability, observing that students often struggle to decouple the “correctness” of their implementation from the quality of the interaction. Collectively, these studies frame novice behaviors as practical barriers that need to be overcome to successfully adopt a design mindset and develop design expertise. These practical difficulties are frequently attributed to a deeper “cultural clash” between the epistemological traditions of engineering and design [19]. Gray et al. [9] argue that computing students often exhibit a form of “scientism”, approaching problems with an expectation of verifiable, binary correctness that is fundamentally at odds with the pluralistic nature of design. As such, the design studio’s emphasis on messy, iterative exploration is often at odds with the efficiency-oriented values present in computer science and

engineering curricula [19]. Consequently, students may resist the ambiguity in “wicked” problems, viewing the lack of a single optimal solution as a flaw in the pedagogical structure, rather than as a feature of the design space. This misalignment often leads students to treat formative activities inherent to the design studio, such as critique and feedback sessions, as “subjective grading mechanisms” rather than learning dialogues, as they struggle to reconcile the open-ended nature of design inquiry with their prior experience in more objective, metric-based assessment [13]. To address these initial struggles and the desired design expertise, HCI pedagogy identifies certain catalytic instructional activities designed to challenge students’ preconceptions about design. Zoltowski et al. [33] describe these as “critical experiences” or “wake-up calls” like when a technically sound design fails to resonate with users, forcing a re-evaluation of priorities.

By investigating the underlying mechanisms of change, researchers aim to facilitate the path from naive understanding to disciplinary expertise - an endeavor which ultimately engages with deep theoretical issues regarding what knowledge is, why it is difficult to acquire, and how a learner’s prior conceptual ecology organizes and constrains future learning [15, 34]. The Knowledge-in-Pieces (KiP) framework models knowledge as an ecology or a system of quasi-independent, small-grained knowledge elements that are contextually cued and activated. In KiP, learning is viewed as an “evolutionary” reorganization and refinement of these elements and activation heuristics into larger, more stable cognitive systems. Rather than treating prior knowledge as errors or misconceptions, KiP views these elements as productive resources that must be realigned into coherent knowledge structures to function within expert contexts.

Operationalizing KiP in HCI In this work, we propose that a KiP approach would be productive in analyzing how students develop design expertise in the modern HCI classroom. We do this because KiP models knowledge as a complex system consisting of many interacting parts rather than a single unified mental model - a view we find consistent with the pluralistic nature of design practice. Furthermore, the framework’s evolutionary perspective on learning which asserts that students possess rich conceptual resources rather than simply “wrong” or “unproductive” ideas, allows us to fundamentally reframe the starting point of the HCI learner. Just as physics students enter the classroom with a wealth of “intuitive physics” derived from their physical interactions with the world, computing and engineering students enter the HCI classroom with a vast reservoir of everyday design knowledge cultivated through their years of experience with designed digital artifacts.

They have tacitly learned rules about how interfaces work, how systems respond, and what constitutes a “good” interaction, all of which serve as the raw material for developing disciplinary design expertise. Conceptually, our work contributes a theoretical framework that reframes the HCI learner. By mapping the general structures of KiP onto the domain of interaction design, we provide a vocabulary to describe student reasoning as a complex system built on top of everyday design knowledge and existing epistemological resources. Our empirical contribution with this work can therefore be seen as a “proof of existence”, of sorts. To validate this theoretical reframing, we see it as appropriate to demonstrate that students do indeed possess these productive resources before formal instruction takes hold. If the KiP hypothesis holds for HCI, then student’s critiques should reveal more than just “misconceptions” or “fixations”, instead showcasing a rich logic derived from everyday interactions with digital interfaces.

This study operationalizes this inquiry by analyzing first-week critiques, seeing as they represent a moment where students are forced to articulate their design judgement and intuition [30] for evaluating interfaces before they have mastered the disciplinary vocabulary. We are therefore not looking for instances of expert performance but rather for seeds of expertise in the form of intuitive resources that students operationalize (i.e. cue and activate) when asked to evaluate the designed world around them.

A KiP approach suggests an alternative framing and tells us that expertise involves not just possessing the right knowledge elements, but knowing when to activate them. Rather than viewing student behaviors as deficits to be corrected, we might view them as context-dependent activations of cognitive resources. A learner who “rushes” to implementation may be activating a resource for verification, a behavior that is productive and rewarded in software engineering contexts but less appropriate during early design explorations. A learner who is “STUCK” or fixating on familiar UI patterns may be activating a pattern-matching resource that serves them well in debugging or algorithm design, but constraints design ideation. From this perspective, the documented struggles of computing students in the design studio are not character flaws or failures of understanding.

While design and engineering disciplines have deep rooted traditions, framing this as a cultural clash is unproductive and hides the continuity between student intuition and design expertise. The efficiency intuitions, pattern-recognition skills, and systematic thinking that engineering students bring are not antithetical to design, they are valuable resources that designers also employ. A KiP lens helps students expand and refine the contexts in which they activate different resources.

framework is that expertise involves not just possessing the right knowledge elements but knowing when to activate them. Each of the design primitives we identified is productive in some contexts but may lead to unproductive judgements in others. Instruction can help students develop more refined activation conditions. Here are a few examples: • Effort-Outcome Proportionality: Students readily detect unnecessary friction, but may over-apply this intuition to contexts where friction is intentional. Instruction can introduce cases of deliberate friction, e.g. confirmation dialogs before irreversible actions, speed bumps that encourage reflection, authentication steps for security etc. and help students reframe the question from ""Is there friction?"" to ""Is this friction serving a purpose?"" • Directness and Visibility: Students expect important features to be immediately visible, but may critique progressive disclosure as ""hiding"" functionality.

As we conclude, we reflect on the broader implications of this shift for the future of HCI education research, emphasizing that we need to continue mapping these intuitive resources and understanding how they evolve into professional expertise.

Expanding this line of research to more diverse student populations could reveal how different cultural and digital experiences shape the repertoire of everyday design knowledge that learners bring to the classroom. Ultimately, this Knowledge-in-Pieces approach offers HCI education researchers a new theoretical lens through which to examine the development of disciplinary expertise and HCI educators a new vocabulary for their work. Adopting a resource-based perspective offers a path toward more inclusive and effective HCI pedagogy. Recognizing the continuity between everyday design knowledge and disciplinary expertise may help alleviate the friction students experience in an HCI design studio. Formal concepts become extensions of existing intuitions, and the goal of HCI education moves towards helping learners coordinate and cue their existing resources towards expert-like design practice.",/Users/baiyixin/Documents/Survey - design knowledge/expanded_pipeline_464_20260811/canonical_text/5a25cbf385d6.txt,5a25cbf385d6,"Lotsos, Alexandros and Banerjee, Amartya and Wang, Yizhu and Horn, Michael",2026,Proceedings of the 2026 Designing Interactive Systems Conference,10.1145/3800645.3813036,https://doi.org/10.1145/3800645.3813036,DE-C01,0,design | knowledge | expertise | students | theory | hci | expert | ertmer | designers | education | instructional | et | et al | al | id,Design expertise — Instructional design and Design knowledge,"Instructional design, Design knowledge",Design expertise — Instructional design and Design knowledge,Provisional interpretation,Assignment frozen; interpretation requires confirmation by at least two reviewers,Contrastive phrase label with source-grounded extractive summary.,Not assigned by Path 1,Not evaluated in this statistical interpretation,Not applicable,not_applicable,,,,-1,0.0,design | knowledge | expertise | students | theory | hci | expert | ertmer | designers | education | instructional | et | et al | al | id,False,False,0,,,"Learning sciences research shows that intuitive physics knowledge productively supports disciplinary learning through the Knowledge in Pieces (KiP) framework, which treats learners’ everyday intuitions as productive resources. We argue that similar parallels exist in HCI education, where students’ intuitive design knowledge can ground the development of interaction design expertise. Students live in a world saturated with professionally designed artifacts and routinely engage in “everyday design”, cultivating tacit knowledge about interfaces long before formal HCI instruction. This mirrors how intuitive physics knowledge develops through daily physical experience. To support this argument, we analyze first-week assignment submissions from an introductory HCI course in which students critiqued interactive systems. Our findings show that students enter HCI instruction with rich, nuanced intuitions about interface evaluation. We therefore suggest that (1) students’ prior intuitive knowledge is a valuable pedagogical resource for HCI educators, and (2) operationalizing a KiP approach can advance future HCI education research.",-0.3546165,-0.16253045,0.08413088321685791,4,4,False,"[{'paper_id': '93c5c97a0a92', 'title': 'Investigating Instructional Design Expertise: A 25-Year Review of Literature', 'cluster': 0, 'distance': 0.20818501710891724}, {'paper_id': 'd41009f91ba1', 'title': 'Designing theory', 'cluster': 0, 'distance': 0.2088271975517273}, {'paper_id': '96ed07ad56c0', 'title': 'Schemata, gambits and precedent: some factors in design expertise', 'cluster': 0, 'distance': 0.2133709192276001}]","We argue that similar parallels exist in HCI education, where students’ intuitive design knowledge can ground the development of interaction design expertise. [E1] We propose viewing theory building as an act of design might address these challenges. [E2]"
Design expertise,Investigating Instructional Design Expertise: A 25-Year Review of Literature,"Defining instructional design expertise has been a concern among scholars for many years. Understanding expertise and expert performance is complex due to the nature of ill-structured problems and the variety of contexts in which instructional designers work. If the field seeks to effectively prepare designers and enhance performance in existing professionals, a unified understanding and definition of expertise is needed. This 25-year review evaluated existing definitions in well-established literature. Findings revealed a lack of a clear, consistently used definition. Scholars predominately used expert characteristics to conceptualize expertise. A synthesis of these characteristics illuminated three traits of expert instructional designers: knowledge, skills, and dispositions. These traits informed the creation of a new definition. Innovations in research, theory, and practice are discussed which would provide new avenues for understanding, developing, and evaluating expertise over the next 25 years. © 2021 International Society for Performance Improvement.",12,12,93c5c97a0a92_p0001;93c5c97a0a92_p0002;93c5c97a0a92_p0007;93c5c97a0a92_p0014;93c5c97a0a92_p0016;93c5c97a0a92_p0018;93c5c97a0a92_p0039;93c5c97a0a92_p0041;93c5c97a0a92_p0047;93c5c97a0a92_p0048;93c5c97a0a92_p0049;93c5c97a0a92_p0050,"“The study of expertise seeks to understand and account for what distinguishes outstanding individuals in that domain from less outstanding individuals” (Ericsson & Smith, 1991, p. 2). U nderstanding the characteristics of expert instructional designers has been a goal for many years. In the early 1980s, scholars explored problem solving and design decision mak - ing, however, expertise was not explicitly mentioned (Kerr, 1983; Silber, 1981). Beginning in the 1990s, the terms expertise and instructional design expertise (IDE) emerged (LeMaistre, 1998; Perez, Johnson, & Emery, 1995; Rowland, 1992). During this time, LeMaistre (1998) cited, “there appears to be no definition of the expert instructional designer, nor of what consti - tutes expert practice in any component of instructional design” (p. 21). In the mid-1990s, researchers compared expert and novice characteristics, including design thinking (Perez et al., 1995; Perez & Emery, 1995).

Moving into the 2000s, scholars focused on experts’ design processes, including how they solved complex problems (Ertmer & Stepich, 2005; Ertmer et al., 2008, 2009a; Ertmer, York, & Gedik, 2009b; Kirschner, Carr, van Merrienboer, & Sloep, 2002). Over the past decade, Delphi studies have identified distinguishing characteristics of expert designers including leadership and the use of common principles (e.g., rules, heuristics) to guide their practice (Ashbaugh, 2013; York & Ertmer, 2011, 2016). Foundational expertise researchers have provided insight into experts’ thinking, problem-solving, and instructional design practice identifying Defining instructional design expertise has been a concern among scholars for many years. Understanding expertise and expert performance is complex due to the nature of ill-structured problems and the variety of contexts in which instructional designers work.

Second, I reviewed abstracts using the following inclusion and exclusion rules to determine if articles would be used for further analysis: (a) Does the article explicitly consider instructional design expertise? Articles which contained the terms instructional design/designer and expertise, experienced, or expert in the title, abstract, or key words were included. Related key words such as coached expertise, coaching instructional design novices, and instructional design competence were also included. Discussions of expertise in other disciplines, including teachers, were eliminated. (b) Were articles published in peer-reviewed journals between 1992–2017? Dissertations, conference proceedings, or other unpublished works were not included. Third, I retrieved and read 22 articles. My initial reading identified several articles focused on the development of novices’ expertise which did not have an expert comparison group. I decided to eliminate these

For example, “expertise is manifested in a designer’s ability to produce meaningful problem representations by integrating information in a given situation with [their] prior knowledge and experience” (Ertmer et al., 2008; Ertmer et al., 2009a, p. 117; Rowland, 1992). One definition of an ID expert was “a solver of ill-defined problems” (Ertmer et al., 2008, p. 117). Expertise was also conceptualized by describing expert designers’ thinking, design process, and design products (Ertmer & Stepich, 2005; Hardre et al., 2005). For example, designers who think like an expert “will naturally begin to engage in the reflective, adaptive practices of the expert, and create the carefully considered products of the expert” (Ertmer & Stepich, 2005, p. 38; Hardre et al., 2005). Expert practice was summarized as “complex thinking, a thorough and systematic design approach, stra - tegic global planning, the use of iterative and integrative processes, and the reflective selection and use of design strategies” (Hardre et al., 2005, p.

Definitions of ID Instructional design (ID) is a complex, ill-defined problemsolving task (Ertmer & Stepich, 2005; Hardre, Ge, & Thomas, 2005). Expert Characteristics “Characteristics of expert designers often constitutes instructional design expertise” (Perez et al., 1995, p. 344). • ID Knowledge ID knowledge is defined as an awareness of learning theories, ID models and processes, ID theories, and emerging educational technologies.a ° Extensive, Complex Experts spend 50% more time thinking aloud and mention more ID concepts and strategies than novices when completing a design task (Perez et al., 1995). ° Metacognitive Experts are aware of their personal limitations and limitations of their designs (Ertmer & Stepich, 2005; Ertmer, York, & Gedik, 2009b; Hardre et al., 2005; Kirschner et al., 2002; LeMaistre, 1998; Perez et al., 1995; Perez & Emery, 1995; Rowley, 2005). ° Organized Mental models represent how knowledge is organized into meaningful patterns, or templates of interrelated concepts (Ertmer et al., 2009; Ertmer, York, & Gedik, 2009b; Kirschner et al., 2002; Rowland, 1992). ° Synthesized Principles are “not gleaned from knowledge or experience alone, but from a combination of the two” (Ertmer et al., 2008, p.

Ertmer and Stepich (2005) 5 1 Ertmer et al. (2008) 3 Ertmer et al. (2009a) 2 Hardre et al. (2005) 4 1 LeMaistre (1998) 1 Perez et al. (1995) 5 4 Rowley (2005) 2 York and Ertmer (2011) 2 York and Ertmer (2016) 4 Expert Characteristics In this review, expert characteristics primarily “[constitute] instruc - tional design expertise” (Perez et al., 1995, p. 344). The above defini - tions highlight aspects of experts’ knowledge (e.g., complex, integrated thinking), skills (e.g., problem-solving, strategic planning), dispositions (e.g., adaptive, reflective), and practice or performance (e.g., appropriate selection of design strategies, context-sensitive solutions). All articles in this review addressed aspects of ID knowledge and skill. Dispositions were also mentioned by a majority of authors (11/14), and half of the articles evaluate differences between expert and novice performance.

Taking an in-depth look at scholarship over the past 25 years has identified knowledge, skills, and dispositions as traits of expert instruc - tional designers. Across a variety of disciplines, knowledge and skills are cited as distinguishing characteristics of experts and identified in definitions and theories as primary components of expertise (Bransford, Brown, & Cocking, 2000; Chase & Simon, 1973; De Groot, 1965; Drey - fus & Dreyfus, 1986; Germain & Ruiz, 2008; Glasser & Chi, 1988; Her - ling, 2000; Kuchinke, 1997). In light of existing expertise research, ID knowledge and skills are not surprising findings but represent important components to consider when defining IDE. A unique contribution of this review identifies ID dispositions (e.g., adaptability, flexibility) as a trait of expert designers. Dispositions have not been explicitly considered in general expertise research, but the idea parallels the concept of adaptive expertise.

The International Board of Standards for Training, Performance, and Instruction (IBSTPI) defines IDE as “the level of knowledge and experience demonstrated by design - ers who are typically categorized as either novice, experienced, or expert” (Ritchey, Fields, & Foxon, 2000, p.181). This definition cites knowledge as a component of expertise but does not mention skills or dispositions. Categorizing designers (e.g., novice, experienced, expert) is needed for research and measurement purposes but does not conceptually provide an understanding of what expertise is. The IBSTPI definition of an expert instructional designer provides more insight and includes “the facility to anticipate design problems quickly and identify effective design solutions” (p. 146). This definition captures aspects relating to skills and superior performance but does not include knowledge in conjunction with these abilities.

Expertise theory focused on understanding individual processes, including the role dis - positions may play in producing quality products and solutions is also needed. Differentiating instructional, instructional design, and instruc - tional design expertise theory would be a worthy goal for theorists. Practice Scholars have considered how expertise develops for many years (Ertmer & Stepich, 2005; Ge & Hardre, 2010; Stepich, Ertmer, & Lane, 2001; Verstegen, Barnard, & Pilot, 2008). Re-defining expertise has implications for informing training practices. First, novice design - ers need to gain foundational knowledge, including ID models and theories (York & Ertmer, 2011, 2016). Facilitating the accumulation of knowledge in a way that promotes the flexible, adaptive application of ID concepts is needed to help novices learn to think like an expert (Ertmer & Stepich, 2005).

This may be best accomplished by embed - ding their learning in experience. In a cross-case comparison of intro - ductory ID courses, Slagter van Tryon, McDonald, and Hirumi (2018) cite authentic experience as a key element in promoting the develop - ment of ID knowledge, skills, and dispositions. Accumulating authentic experience at multiple stages may help novices organize and contextu - alize knowledge and promote the development of ID skills and disposi - tions (Stepich & Ertmer, 2009). Second, educators should mentor and scaffold novices’ ID skills and dispositions by making their expertise and design process more explicit. Novices who receive scaffolding and guidance from skilled designers are able to more closely perform like experts (Ertmer, Stepich, et al., 2009a; Verstegen et al., 2008). Explic - itly discussing expert thinking and design decision making could help scaffold novices’ abilities.

Finally, educators can implement innovative, holistic training strategies targeting affective (i.e., dispositions), cogni - tive (i.e., knowledge), and behavioral (i.e., skills) processes. Training fostering development in these domains will promote the develop - ment of expertise. Innovative ID training and evaluation efforts would answer important and timely questions regarding how expertise devel - ops (Brown & Green, 2018).

This in-depth look at foundational scholarship, and review of current definitions, has identified a need to create a clearer conceptual definition of instructional design expertise. To do so, expert characteristics were reviewed and synthesized into overarching traits. Three primary traits (i.e., knowl - edge, skills, dispositions) emerged from this synthe - sis of expert characteristics and were used to create a new definition of instructional design expertise. This definition extends existing conceptualizations and parallels the definition of human expertise proposed by Herling (2000). Defining expertise is especially complex due to the ill-structured nature of instructional design. Compared to other disciplines where expert per - formance (e.g., chess, sports) is identified by a consistent outcome or behavior, for instructional designers, there is often not one correct path or solution.",/Users/baiyixin/Documents/Survey - design knowledge/expanded_pipeline_464_20260811/canonical_text/93c5c97a0a92.txt,93c5c97a0a92,"Chartier, K.J. (1)",,Performance Improvement Quarterly,10.1002/piq.21345,,DE-C01,0,design | knowledge | expertise | students | theory | hci | expert | ertmer | designers | education | instructional | et | et al | al | id,Design expertise — Instructional design and Design knowledge,"Instructional design, Design knowledge",Design expertise — Instructional design and Design knowledge,Provisional interpretation,Assignment frozen; interpretation requires confirmation by at least two reviewers,Contrastive phrase label with source-grounded extractive summary.,Not assigned by Path 1,Not evaluated in this statistical interpretation,Not applicable,not_applicable,,,,-1,0.0,design | knowledge | expertise | students | theory | hci | expert | ertmer | designers | education | instructional | et | et al | al | id,False,False,0,,,"Defining instructional design expertise has been a concern among scholars for many years. Understanding expertise and expert performance is complex due to the nature of ill-structured problems and the variety of contexts in which instructional designers work. If the field seeks to effectively prepare designers and enhance performance in existing professionals, a unified understanding and definition of expertise is needed. This 25-year review evaluated existing definitions in well-established literature. Findings revealed a lack of a clear, consistently used definition. Scholars predominately used expert characteristics to conceptualize expertise. A synthesis of these characteristics illuminated three traits of expert instructional designers: knowledge, skills, and dispositions. These traits informed the creation of a new definition. Innovations in research, theory, and practice are discussed which would provide new avenues for understanding, developing, and evaluating expertise over the next 25 years. © 2021 International Society for Performance Improvement.",-0.06448164,0.346857,0.080741286277771,3,3,True,"[{'paper_id': '96ed07ad56c0', 'title': 'Schemata, gambits and precedent: some factors in design expertise', 'cluster': 0, 'distance': 0.19673192501068115}, {'paper_id': '5a25cbf385d6', 'title': 'Everyday Design Knowledge: A Knowledge-in-Pieces Perspective on HCI Learning', 'cluster': 0, 'distance': 0.20818501710891724}, {'paper_id': 'd41009f91ba1', 'title': 'Designing theory', 'cluster': 0, 'distance': 0.2129955291748047}]","We argue that similar parallels exist in HCI education, where students’ intuitive design knowledge can ground the development of interaction design expertise. [E1] We propose viewing theory building as an act of design might address these challenges. [E2]"
Design expertise,"Schemata, gambits and precedent: some factors in design expertise","The paper begins by outlining some methodological problems, concluding that to understand design expertise we need to recognise that such practice includes the roles of teams, communication and shared experiences and understandings. It explores the significance of experience in expertise focussing on the way precedent stored in the form of episodic schemata is used by experts to recognise design situations for which gambits are available. The paper combines evidence from new empirical data on the perception of drawings with interviews with expert designers and research on expertise from other cognitive fields. The paper concludes that design expertise cannot be understood by studying actions alone but that our research needs to concentrate on perception and recognition and that we have to examine conversations and memories as much as drawings.",12,12,96ed07ad56c0_p0004;96ed07ad56c0_p0013;96ed07ad56c0_p0024;96ed07ad56c0_p0025;96ed07ad56c0_p0026;96ed07ad56c0_p0027;96ed07ad56c0_p0029;96ed07ad56c0_p0030;96ed07ad56c0_p0031;96ed07ad56c0_p0036;96ed07ad56c0_p0038;96ed07ad56c0_p0040,"interesting work of Rianne Valkenburg on how design teams work hasexplored the Schönian view of design in a team context with somesignificant results (Valkenburg 2000). However neither the Delftworkshop nor Valkenburg used designers who were experienced inworking together. Nor did they study them in real-world and real-timeconditions.For all the reasons above I am going to rely on a variety of data includinginterviews with outstanding designers and studies that compare novices atleast with those further along the path of learning to design. I shall alsoexplore a little of the data from studies of expertise in fields other thandesign but which share some of its cognitive characteristics. I am alsogoing to argue that to get good data on this we need to study not just theactions, graphical outputs and finished designs of these designers but alsothe conversations they have with each other and their clients during theirnormal working practice.

Chess masters, he found, rarely analysed a board situation, ratherthey recognised it. He showed that chess masters could remember mid-game board situations much more reliably than novices. However theircomparative expertise vanished when asked to remember randomlypositioned pieces that did not relate to game situations. Taken togetherthese results suggest something we are familiar with in design, the use ofknown precedents that have been studied and about which the expert hasschemata. These precedents linked problem to solution and such chessmasters could articulate this link. Thus the schema for the situation alsoincludes one or more known gambits for solving it.5. GambitsThis then enables chess masters to play demonstration matches wherethey take on many amateur players simultaneously moving from board toboard. Relying upon analysis this would take too long, but usingrecognition they are able to use a standard gambit and pass on to thenext game.

This last point suggests that designers aretacitly aware of this knowledge and the greater likelihood of being able toshare it with another designer. Returning to the interview with RichardMacCormac we find similar evidence of this. This tends to confirm ourview here that the more experienced a designer the more likely it is thatperception of drawings will be by recognition of schemata thatconceptually organise precedent.6. Episodic and procedural memoryI have argued elsewhere that design knowledge and a ‘designerly way ofknowing’, to use Nigel Cross’s delightful phrase (Cross 1982) are heavilydependant on experiential rather than theoretic memory (Lawson 2001).To be more correct I should call these ‘episodic’ and ‘semantic’ since theyare the terms more normally used in cognitive psychology (Tulving 1983).Whatever we call them the distinction is an important one here.

Weremember many events in our lives. We do not work hard to rememberthem; indeed we probably put no conscious effort at all into the process ofstoring this knowledge. We may however struggle to recall it sometimes.However once recalled it is quite likely that we recognise its correctness orotherwise. A way of demonstrating the distinction is to try to recall yourown earliest experiential memory. You will find it hard to know what itwas but you can be fairly sure that you have little recall from earlychildhood. However you were learning theoretical knowledge such aslanguage and remembering it quite clearly even before your earliestexperiential memory. Similarly people can suffer extreme forms ofamnesia so that they are quite unable to recall periods of their life.However they may still remember and be able to use language and inmany cases sophisticated professional theoretical knowledge.

By contrast to this ‘experiential’ memory, you will also probably have hadto study for some examinations. You will have been required toremember theories and related ideas perhaps even formulae andprocedures. You may have found all this very difficult to remember andhad to work very hard to store the knowledge. Your struggle was quitelikely to have been an attempt to make this knowledge semantic andmeaningful so that it could be stored in long-term theoretical memory.Here detail is vital and accuracy of recall the essence. The likelihood withthe theoretical memory is that unless you recall and use the knowledgesufficient detail will fade for it to be unusable for its purpose.Let us see this distinction at work on design knowledge. A long time agowhen I was a student of architecture at Oxford our tutors expected us inour history exams to be able to draw from memory most of the famousbuildings of history.

We got up to all sorts of clever devices forremembering particular building plans and elevations. Unfortunately sinceI have not used this knowledge for many years I have largely forgottenthe clever tricks themselves. However I can very clearly remember thepain of study and of devising them. I can even recall a particular day satin Christchurch Meadow rehearsing with two other students how to drawthe plan of Sancta Sophia. I know it involved a clever aggregation ofcircles and squares but that is the extent of my recall of the actualformula. Thus the formulae for generating plans, which were theoretical,have faded even though I studied them very hard at the time. Howeverthe experience of studying them I still recall even though I made noattempt whatever to remember it! I can even recall who was with me andwhat we ate for lunch, the kind of weather and where we sat inChristchurch Meadow.The point here is that it seems that design knowledge is more heavilydependent on this experiential or episodic memory than the knowledgeused in many other professions.

have theoretical structures that are capable of storing knowledge thatleads us from each of these problems to this single solution. Designers itseems rely heavily on knowledge that is not so much theoretical orsemantic but more on experiential or episodic knowledge. Visser hasdemonstrated the use of episodic data seems to be common and normalin an analysis protocols (Visser 1995). It seems that experts have notonly gained more experience but they can also link problems to solutions.In fact they appear to have access to knowledge of what we might call‘Gambits’. These are what Richard MacCormac has called his ‘repertoire oftricks’. It is clear that in a design practice such knowledge has to becomecommon or shared for the team to operate effectively.Other studies have shown that a characteristic of experts in general istheir knowledge of information sources. (Berlin 1993) Such knowledge isoften not explicit but held in minds rather than recorded in an organisedmanner and is accumulated through practice rather than throughinstruction.

In a discussion of design education in schools Laxtonsuggested that children cannot expect to be truly creative unless theyaccumulate what he called a ‘reservoir of knowledge’(Laxton 1969). Infact he proposed a rather elegant model of design learning based on themetaphor of a hydro-electric plant. He argued that design learning shouldpass through three stages. First the accumulation of experience andknowledge (reservoir). The ability to generate or initiate ideas(generator) he claims depends upon having the reservoir well filled. Thenstudents need to develop the skills of critical evaluation and discriminationof these ideas and then to interpret (transformer) them in new contexts.Thus this whole model of education for creativity is actually based on pastexperience rather than directly on the generation of new ideas andperhaps runs counter to the late twentieth century design education worldvalues of originality almost for its own sake.The argument here is that recognising design situations is one of thosekey skills.

Seeing some kind of underlying pattern or theme that enables adesigner to recognise this and make a connection with some precedent inthe episodic memory. Remarkably that episodic memory may relate tosomething from an entirely different context. Quite how we make suchconnections is surely a question that suggests much more research isneeded. However it is entirely reasonable to suppose that such a skill isindeed highly dependent on experience for most people. Experienceddesigners have simply seen more and made more connections alreadythan inexperienced designers. There are some clues as to how this mightwork from research into expertise in other areas. Maintaining the chesstheme, more recent research has shown that expert players break theboard down into segments or chunks such as attack and defence, and canremember larger chunks than can novice players (Chase and Simon1973).

8. AffordancesIt was Gibson who first drew our attention to the idea of affordances inperception (Gibson 1986). Gibson argued that whatever the explicitlyintended function of an object we also see that it affords the possibility ofcertain behaviour. Others have since shown how this can be applied tothe architectural environment (Lang 1987) (Heft 1997). Thus a lowwindow cill affords us the possibility of sitting on it. This delightful conceptsums up very well what we have been discussing here so far. It seemsthat expert designers have accumulated a huge range of precedent whichis stored as having affordances that might come in useful at some point indesign projects. Somehow the possibility of exploiting these is recognisedas a result of having studied them so assiduously in just the way chessmasters study past games. This also supports the idea that expertdesigners acquire knowledge about solutions rather than necessarily aboutproblems.It is interesting to see how Alexander moved his stance from beingproblem focussed to solution focussed in his attempts to understanddesign knowledge.

For this to occur in design teams theschemata and gambits need to be shared to the extent that they can benamed and communicated with simple references.All this suggests some fruitful lines of research into design expertise. Weshould explore perception of design situations and in particular how theyare recognised and classified. It seems likely that traditional andsuperficial classifications are misleading here. For example buildingtypologies such as hospitals schools or offices may turn out to besuperficial, whereas the kinds of situations implied by Pattern Language

The Wheelwright's Shop. Cambridge, Cambridge UniversityPress.Suwa, M., T. Purcell, et al. (1998). ""Macroscopic analysis of design processesbased on a scheme for coding designers' cognitive actions."" Design Studies 19:455-483.Suwa, M. and B. Twersky (1997). ""What do architects and students perceive intheir design sketches? A protocol analysis."" Design Studies 18: 385-403.Tulving, E. (1983). Elements of Episodic Memory. Oxford, Clarendon Press.Valkenburg, R. C. (2000). The Reflective Practice in product design teams. Delt,Technical University of Delft.Visser, W. (1995). ""Use of episodic knowledge and information in design problemsolving."" Design Studies 16(2): 171-187.",/Users/baiyixin/Documents/Survey - design knowledge/expanded_pipeline_464_20260811/canonical_text/96ed07ad56c0.txt,96ed07ad56c0,"Lawson, B. (1)",,Design Studies,10.1016/j.destud.2004.05.001,,DE-C01,0,design | knowledge | expertise | students | theory | hci | expert | ertmer | designers | education | instructional | et | et al | al | id,Design expertise — Instructional design and Design knowledge,"Instructional design, Design knowledge",Design expertise — Instructional design and Design knowledge,Provisional interpretation,Assignment frozen; interpretation requires confirmation by at least two reviewers,Contrastive phrase label with source-grounded extractive summary.,Not assigned by Path 1,Not evaluated in this statistical interpretation,Not applicable,not_applicable,,,,-1,0.0,design | knowledge | expertise | students | theory | hci | expert | ertmer | designers | education | instructional | et | et al | al | id,False,False,0,,,"The paper begins by outlining some methodological problems, concluding that to understand design expertise we need to recognise that such practice includes the roles of teams, communication and shared experiences and understandings. It explores the significance of experience in expertise focussing on the way precedent stored in the form of episodic schemata is used by experts to recognise design situations for which gambits are available. The paper combines evidence from new empirical data on the perception of drawings with interviews with expert designers and research on expertise from other cognitive fields. The paper concludes that design expertise cannot be understood by studying actions alone but that our research needs to concentrate on perception and recognition and that we have to examine conversations and memories as much as drawings.",0.22031336,0.06369103,0.07639741897583008,1,1,True,"[{'paper_id': 'd41009f91ba1', 'title': 'Designing theory', 'cluster': 0, 'distance': 0.1918284296989441}, {'paper_id': '93c5c97a0a92', 'title': 'Investigating Instructional Design Expertise: A 25-Year Review of Literature', 'cluster': 0, 'distance': 0.19673192501068115}, {'paper_id': '5a25cbf385d6', 'title': 'Everyday Design Knowledge: A Knowledge-in-Pieces Perspective on HCI Learning', 'cluster': 0, 'distance': 0.2133709192276001}]","We argue that similar parallels exist in HCI education, where students’ intuitive design knowledge can ground the development of interaction design expertise. [E1] We propose viewing theory building as an act of design might address these challenges. [E2]"
Design expertise,Designing theory,"Theoretical work is essential to the progress of any discipline. Theories, models, and frameworks are underdetermined representations of a phenomenon that help us understand and take action in a domain. However, the field of learning design and technology (LDT) has traditionally struggled with developing a solid theoretical foundation that is useful for both research and practice. We propose viewing theory building as an act of design might address these challenges. After defining key constructs and describing two approaches to theory development, we describe three design perspectives that might be useful for theory development: Lawson and Dorst’s (Design expertise, Elsevier, Amsterdam, 2009) view of design as a combination of analytical (problem-based) and creative (solution-based) moves, Schön’s (The reflective practitioner: how professionals think in action, Basic Books, New York, 1983) reflection-in-action, and design as dialogic interpretation (Snodgrass and Coyne in Des Issues 9(1):56–74, https://doi.org/10.2307/1511599, 1992). We use a case study to illustrate each perspective. We conclude with implications of a design approach to theory creation, including how design perspectives enable scholars to design possible futures.",12,12,d41009f91ba1_p0009;d41009f91ba1_p0011;d41009f91ba1_p0014;d41009f91ba1_p0015;d41009f91ba1_p0031;d41009f91ba1_p0037;d41009f91ba1_p0056;d41009f91ba1_p0065;d41009f91ba1_p0070;d41009f91ba1_p0076;d41009f91ba1_p0086;d41009f91ba1_p0092,"In this sense, perspectives are not necessarily right or wrong, but rather provide value by revealing aspects of a phenomenon that may not have been salient otherwise. In this article, we use the term design perspectives to describe ways designers and design theorists view and act in situations. We assert design perspectives provide a way to address the particular challenges of theorizing in LDT: design supports work in wicked contexts, and design couples theory and practice. First, Buchanan (1992) argued that design is particularly suited to working in wicked contexts. He defined design as a liberal art that “connect[s] and integrate[s] useful knowledge from the arts and sciences… in ways that are suited to the problems and purposes of the present” (p. 6). Goel and Pirolli (1992) also described characteristics of domains that are often approached through design rather than general problem-solving strategies.

Second, the need to tightly link theory and practice is also seen in design fields, where scholars attempt to simultaneously “embrace values of design and science” (Beck and Stolterman 2016, p. 210). As a consequence, theorizing in design research can look differ - ent from theoretical work in science-based fields. Beck and Stolterman (2016) described how design researchers often make multiple types of knowledge claims. Rather than only making fact-based claims, design researchers also make claims of policy, value, concept,

In this section, we define models, theories, and frameworks; compare two approaches to theory development; and suggest criteria for effective theory in LDT. First, however, it is important to note that, although in this article we focus on the development of scientific theories and frameworks through design, we acknowledge that our field supports a variety of approaches and descriptions of knowledge and knowledge building. For example, professional designers have been described as having different ways of knowing and types of knowledge (Gregor and Jones 2007; Löwgren 2013) and design itself can be considered an epistemology (Lawson and Dorst 2009). For example, Elizabeth Boling has led extensive research into the importance of case-based knowledge (precedent) to the instructional design field (e.g., Boling and Gray 2018; Boling et al. 2015).

Furthermore, a “design theory” provides a different type of knowing than traditional scientific theory. Design theory moves beyond description to how to actually do something (Baskerville and Pries- Heje 2010; Gregor and Jones 2007; Lee et al. 2011). These types of theories and stores of knowledge are critical to design practice itself and should continue to be developed within the instructional design field. However, here we turn our attention to a different relationship between design and theory: we consider what design perspectives can offer the for the development of scientific theory in both instructional design and the broader LDT field.

141) Design can be both be a verb (the act of designing) as well as a noun (the end product of the design process). As a verb, design can be thought of as an intentional act of mov - ing from what is to what is preferred, or as Simon (1969) famously described, as devising “courses of action aimed at changing existing situations into preferred ones” (p. 111). If used as a noun, design can be considered a “structure adapted to a purpose” (Perkins 2013, p. 2). There are many ways to conceptualize both the verb and noun form of design. Schön (1992) built on Dewey’s pragmatism and emphasized the social and transactional aspects of acts of design when he described design as an epistemology based on uniting theory and action. Similarly, Lawson and Dorst (2009) and Pendleton-Jullian and Brown (2018) suggested that the designer begins with common sense and through acts of design can develop knowledge.

610 M. Warr et al. 1 3 Design perspective Case example Implications Analytical + creative moves (Lawson and Dorst 2009) Communities of Practice Designing theory means combining empirical (analytical) research with creating new ideas and refining the theory based on the results Reflection-in-action (Schön 1983, 1992) Technological, Pedagogical, and Content Knowledge (TPACK) Designing theory means interacting with a phenomenon or representation. Interaction increases understanding of the phenomenon and provides information for refining the theory Dialogic interpretation (Jahnke 2012, Snodgrass and Coyne 1992) The Five Spaces for Design in Education Designing theory means creating new meaning through exploration, interaction, and interpretation. This might include “poetic redescription” (Jahnke 2012, p. 38) through metaphor

618 M. Warr et al. 1 3 (representing knowledge as both vertices and lines), resulting in a new figure (overlapping circles) that was more consistent and communicable. Further tweaks in the design (most prominently in the inclusion of the dotted circle to represent context) came from discussions and feedback from the field and other experts. In the end, the back-talk from an attempt to place the figure on a button led to a more whole and balanced representation that both showed fit with the phenomena and was actionable—both for research and practice. Through this process of creating a representation, reflecting on the results, and then revising, the figure—and the framework it represented—gradually became more preferred. Through ongoing creation and reflection, it increased in fit, actionability, and wholeness. The description of the development of the representation of TPACK highlighted how theory building can be viewed from a different perspective of design: design as reflectionin-action.

620 M. Warr et al. 1 3 Though all of these are examples of design, they cover a wide range of contexts, requiring different kinds of knowledge and expertise. We bring this understanding of design to our work within a large education college at a public research university in the southwestern United States. The university is focused on innovation in education, as evidenced by the past five years of U.S. News and World Report “Most Innovative University” rankings (Faller 2019). The push for innovation is also seen within the education college, which is focused on addressing systemic problems in education. The development of the five spaces for design in education took place through our work in university-school partnerships. In these partnerships, we support schools in addressing complex problems in education. Because of our broad perspective on design and because our context focuses on systems-level innovation in education, we projected a multi-level design perspective onto our partnership work.

621Designing theory 1 3 believing with other people and with various objects, tools, and technologies” (p. 152). Gee’s Discourse became an appealing way to conceptualize and distinguish between the various spheres and contexts of design activity: each was a way of seeing, being, and acting in a domain. We interviewed 11 professional designers across types of design and found each profession did seem to form its own discourse community with its own practices, tools, elements, knowledge, and criteria for judging quality (see Table 3). We were also influenced by Krippendorff’s (2005) description of a design discourse. On the other hand, case studies conducted of various types of design proved less clear. Case studies highlighted the importance of fluidity across the design spaces, and how this fluidity might lead (inspired by scheme first introduced by Stefanie Di Russo)

Aspect Placement Definition Knowledge Internal What designers know Judgement Internal How designers evaluate quality Elements External What designs are made of Tools External What designers use to design Practices Transactional What designers do: The tricks of the trade juggler representation of the five spaces for design in education. See also https ://talki ngabo utdes ign.com/the-juggl er/

It is not only using technology to support learning in general but also includes designing uses of technology that support content-specific learning. The re-definition changed perspectives and led to new methods of teacher education and practice. Evidence of this can be seen through current work on technology infusion, a position that emphasizes that technology integration is the responsibility of all teacher education faculty, not a single technology instructor in a stand-alone course. Infusion brings technology to the heart of teacher education—it brings technological knowledge directly into the pedagogical content knowledge context that already exists in teacher education, supporting the development of technological pedagogical content knowledge. Technology infusion is built on the TPACK definition of technology integration, and it is attempting to redefine teacher education as a whole.

In this article, we have taken a journey through theory and design in order to argue that viewing theory building from design perspectives might help the LDT field address current weaknesses: a weak theoretical foundation, and theory disconnected from practice. After explaining multiple perspectives on theory, we explored designing theory from three design perspectives: design as a combination of analytic and creative moves, design as reflection-in-action, and a hermeneutical (dialogic interpretation) approach to design. Although each perspective comes from a different philosophical orientation, each gives insight into designing theory. We believe each meets Snodgrass and Coyne’s (1992) criteria: A model of design is not to be assessed by its logical coherence, but by the degree to which it: approximates or fits the design process as known from first-hand experience; shows itself to be appropriate and useful in its application; is open-ended and, thus, offers the possibility of multiple interpretations; is rich in those interpretations and broad in the horizons it discloses; and is capable of generating other metaphors. (p.",/Users/baiyixin/Documents/Survey - design knowledge/expanded_pipeline_464_20260811/canonical_text/d41009f91ba1.txt,d41009f91ba1,"Warr, M. (1); Mishra, P. (1); Scragg, B. (1)",,Educational Technology Research and Development,10.1007/s11423-020-09746-9,,DE-C01,0,design | knowledge | expertise | students | theory | hci | expert | ertmer | designers | education | instructional | et | et al | al | id,Design expertise — Instructional design and Design knowledge,"Instructional design, Design knowledge",Design expertise — Instructional design and Design knowledge,Provisional interpretation,Assignment frozen; interpretation requires confirmation by at least two reviewers,Contrastive phrase label with source-grounded extractive summary.,Not assigned by Path 1,Not evaluated in this statistical interpretation,Not applicable,not_applicable,,,,-1,0.0,design | knowledge | expertise | students | theory | hci | expert | ertmer | designers | education | instructional | et | et al | al | id,False,False,0,,,"Theoretical work is essential to the progress of any discipline. Theories, models, and frameworks are underdetermined representations of a phenomenon that help us understand and take action in a domain. However, the field of learning design and technology (LDT) has traditionally struggled with developing a solid theoretical foundation that is useful for both research and practice. We propose viewing theory building as an act of design might address these challenges. After defining key constructs and describing two approaches to theory development, we describe three design perspectives that might be useful for theory development: Lawson and Dorst’s (Design expertise, Elsevier, Amsterdam, 2009) view of design as a combination of analytical (problem-based) and creative (solution-based) moves, Schön’s (The reflective practitioner: how professionals think in action, Basic Books, New York, 1983) reflection-in-action, and design as dialogic interpretation (Snodgrass and Coyne in Des Issues 9(1):56–74, https://doi.org/10.2307/1511599, 1992). We use a case study to illustrate each perspective. We conclude with implications of a design approach to theory creation, including how design perspectives enable scholars to design possible futures.",0.19878472,-0.24801742,0.07958316802978516,2,2,True,"[{'paper_id': '96ed07ad56c0', 'title': 'Schemata, gambits and precedent: some factors in design expertise', 'cluster': 0, 'distance': 0.1918284296989441}, {'paper_id': '5a25cbf385d6', 'title': 'Everyday Design Knowledge: A Knowledge-in-Pieces Perspective on HCI Learning', 'cluster': 0, 'distance': 0.2088271975517273}, {'paper_id': '93c5c97a0a92', 'title': 'Investigating Instructional Design Expertise: A 25-Year Review of Literature', 'cluster': 0, 'distance': 0.2129955291748047}]","We argue that similar parallels exist in HCI education, where students’ intuitive design knowledge can ground the development of interaction design expertise. [E1] We propose viewing theory building as an act of design might address these challenges. [E2]"
