keyword,cluster_id,paper_id,title,review_role,own_centroid_similarity,nearest_other_centroid_similarity,assignment_margin,assignment_status,reviewer_accept_membership_yes_no,reviewer_suggested_cluster_id,reviewer_cluster_coherent_yes_no,reviewer_granularity_too_coarse_ok_too_fine,reviewer_notes
Design Guidelines,DG-C01,f0b2517a04a4,Don't Do That! Hunting Down Visual Design Smells in Complex UIs against Design Guidelines,representative+boundary,0.8782225847244263,0.7773405313491821,0.10088205337524414,numeric_rule_failed_requires_review,,,,,
Design Guidelines,DG-C01,ee0a5b26f6dc,Formalizing Visualization Design Knowledge as Constraints: Actionable and Extensible Models in Draco,representative+boundary,0.9009275436401367,0.7915357351303101,0.10939180850982666,numeric_rule_failed_requires_review,,,,,
Design Guidelines,DG-C01,00d7fbafe65f,"Demystifying Tacit Knowledge in Graphic Design: Characteristics, Instances, Approaches, and Guidelines",representative+boundary,0.9110560417175293,0.7975445985794067,0.11351144313812256,numeric_rule_failed_requires_review,,,,,
Design Guidelines,DG-C02,cb7daae2b94f,User Experience Design in Professional Map-Based Geo-Portals,representative+boundary,0.856529712677002,0.7705602645874023,0.08596944808959961,numeric_rule_failed_requires_review,,,,,
Design Guidelines,DG-C02,0ef759265f23,The equitable use concept in sidewalk design,representative+boundary,0.8726941347122192,0.7855865955352783,0.08710753917694092,numeric_rule_failed_requires_review,,,,,
Design Guidelines,DG-C02,0176348439b8,A Comparative Study of Chinese and American Rural Design Guidelines,representative+boundary,0.8604910373687744,0.7499206066131592,0.11057043075561523,numeric_rule_failed_requires_review,,,,,
Design Guidelines,DG-C03,d0a17557440f,Avoiding virtual dystopia: A design theory for emancipatory participatory immersive platforms,boundary,0.8681892156600952,0.7784460783004761,0.08974313735961914,numeric_rule_failed_requires_review,,,,,
Design Guidelines,DG-C03,615169de6f0e,From interaction to trajectories: designing coherent journeys through user experiences,representative,0.9167779088020325,0.822083592414856,0.09469431638717651,numeric_rule_failed_requires_review,,,,,
Design Guidelines,DG-C03,75f43821c56f,Towards a Model of Information Aesthetics in Information Visualization,representative+boundary,0.8752593994140625,0.8329919576644897,0.042267441749572754,numeric_rule_failed_requires_review,,,,,
Design Guidelines,DG-C03,0842498049c7,The Extended Likeability Framework: A Theoretical Framework for and a Practical Case of Designing Likeable Media Applications for Preschoolers,representative+boundary,0.8744179010391235,0.7820965647697449,0.09232133626937866,numeric_rule_failed_requires_review,,,,,
Design Guidelines,DG-C04,b357bc5a3d3b,Towards Canonical Task Types for User Interface Design,boundary,0.8772123456001282,0.8117148280143738,0.0654975175857544,numeric_rule_failed_requires_review,,,,,
Design Guidelines,DG-C04,139a1e71d8dc,Separation of Modeling Principles and Design Principles in Enterprise Engineering,representative,0.889600932598114,0.780687153339386,0.10891377925872803,numeric_rule_failed_requires_review,,,,,
Design Guidelines,DG-C04,b14f85b19a87,Design Study Methodology: Reflections from the Trenches and the Stacks,representative+boundary,0.8798620700836182,0.8490839600563049,0.030778110027313232,numeric_rule_failed_requires_review,,,,,
Design Guidelines,DG-C04,c216cc01fe23,A Preliminary Proposal Towards Unambiguous Definitions for Modular Interfaces and Interactions,representative+boundary,0.8868316411972046,0.820502758026123,0.06632888317108154,numeric_rule_failed_requires_review,,,,,
Design Heuristics,DH-C01,cd211147691a,Design heuristics set for X: A design aid for assistive product concept generation,boundary,0.9145709276199341,0.7919335961341858,0.12263733148574829,numerically_selected_pending_human_veto,,,,,
Design Heuristics,DH-C01,9eecf23c4ce7,Design Heuristics for Web-Based Severe Weather Risk Communication,boundary,0.8884071111679077,0.757034957408905,0.13137215375900269,numerically_selected_pending_human_veto,,,,,
Design Heuristics,DH-C01,0512599e76df,What is the content of 'design thinking'? Design Heuristics as conceptual repertoire,boundary,0.920232892036438,0.7879064083099365,0.13232648372650146,numerically_selected_pending_human_veto,,,,,
Design Heuristics,DH-C01,022ee7cf2e4e,Introduction of a standardized Notation of Design Heuristics for Knowledge Formalization,representative,0.9492373466491699,0.8048799633979797,0.14435738325119019,numerically_selected_pending_human_veto,,,,,
Design Heuristics,DH-C01,9f4dbd790fe7,Design Heuristics in Innovative Products,representative,0.9642798900604248,0.8010610342025757,0.16321885585784912,numerically_selected_pending_human_veto,,,,,
Design Heuristics,DH-C01,cdd6de21b74b,Evidence-based design heuristics for idea generation,representative,0.9583163261413574,0.785367488861084,0.17294883728027344,numerically_selected_pending_human_veto,,,,,
Design Heuristics,DH-C02,994d28d55eb8,From human factors to human actors to human crafters,representative+boundary,0.8855217695236206,0.7990091443061829,0.08651262521743774,numerically_selected_pending_human_veto,,,,,
Design Heuristics,DH-C02,0cbc36913472,Dialogue Appropriate to Assistive Technology Product Design: A Taxonomy of Communication Formats in Relation to Modes of Sensory Perception,representative+boundary,0.9726121425628662,0.8017857670783997,0.17082637548446655,numerically_selected_pending_human_veto,,,,,
Design Heuristics,DH-C02,c6955d14d66c,Dialogue appropriate to assistive technology product design: A taxonomy of communication formats in relation to modes of sensory perception,representative+boundary,0.9677662253379822,0.7887157201766968,0.1790505051612854,numerically_selected_pending_human_veto,,,,,
Design Patterns,DPAT-C01,b42559e0a5d5,ICT Systems Security and Privacy Protection,boundary,0.737543523311615,0.7203006148338318,0.017242908477783203,numerically_selected_pending_human_veto,,,,,
Design Patterns,DPAT-C01,2efb92894924,Particles of a Whole: Design Patterns for Transparent and Auditable AI-Systems,boundary,0.8866029977798462,0.8685662150382996,0.01803678274154663,numerically_selected_pending_human_veto,,,,,
Design Patterns,DPAT-C01,774e05395765,Understanding and using patterns in software development,representative,0.9342482686042786,0.9043965339660645,0.02985173463821411,numerically_selected_pending_human_veto,,,,,
Design Patterns,DPAT-C01,f1a4dde3d156,Catalogue of general-purpose software design patterns,representative,0.9318524599075317,0.8729538917541504,0.05889856815338135,numerically_selected_pending_human_veto,,,,,
Design Patterns,DPAT-C01,b967c3a334ff,Industrial experience with design patterns,representative+boundary,0.9291471242904663,0.9202824831008911,0.008864641189575195,numerically_selected_pending_human_veto,,,,,
Design Patterns,DPAT-C02,c7afdd089fdd,Toward patterns for collaborative knowledge creation,boundary,0.8824664950370789,0.8802738189697266,0.002192676067352295,numerically_selected_pending_human_veto,,,,,
Design Patterns,DPAT-C02,cd42a6611470,"Principles, patterns, and techniques for designing and implementing practical fluent interfaces in Java",boundary,0.7809327840805054,0.7584061622619629,0.02252662181854248,numerically_selected_pending_human_veto,,,,,
Design Patterns,DPAT-C02,098637c0f9ae,Pattern design in the context space: paco - a methodological framework for designing auditory display with patterns,boundary,0.8876006603240967,0.8646334409713745,0.022967219352722168,numerically_selected_pending_human_veto,,,,,
Design Patterns,DPAT-C02,8393d36cff90,An overview of human-computer interaction patterns in pervasive systems,representative,0.9272706508636475,0.8948758840560913,0.03239476680755615,numerically_selected_pending_human_veto,,,,,
Design Patterns,DPAT-C02,77ba97562fe7,Teachers‚Äô Collaborative Pattern Language Design,representative,0.9183739423751831,0.8819819092750549,0.036392033100128174,numerically_selected_pending_human_veto,,,,,
Design Patterns,DPAT-C02,242644458c6e,A pattern approach to interaction design,representative,0.9522626996040344,0.9036320447921753,0.04863065481185913,numerically_selected_pending_human_veto,,,,,
Design Rules,DRUL-C01,f941f0424e1a,"Design Rules, Volume 2: Chapter 6‚ÄîThe Value Structure of Technologies, Part 1: Mapping Functional Components",representative+boundary,0.8988999128341675,0.9030822515487671,-0.004182338714599609,numeric_rule_failed_requires_review,,,,,
Design Rules,DRUL-C01,dbc171dde63a,Perfect Eudaimonic User Experience Design That Aristotle Would Have Wanted,representative+boundary,0.8906714916229248,0.7900815010070801,0.10058999061584473,numeric_rule_failed_requires_review,,,,,
Design Rules,DRUL-C01,5c096c480387,User interfaces of information retrieval systems and user friendliness,representative+boundary,0.8948997259140015,0.7865241169929504,0.10837560892105103,numeric_rule_failed_requires_review,,,,,
Design Rules,DRUL-C02,8aeb26c1e21d,Steps toward a cognitive engineering: Design rules based on analyses of human error,boundary,0.8892227411270142,0.8404870629310608,0.04873567819595337,numeric_rule_failed_requires_review,,,,,
Design Rules,DRUL-C02,ba03a17bc120,"The Good, the Bad, and the Ugly: A Theoretical Framework for the Assessment of Continuous Colormaps",boundary,0.8462069034576416,0.7821640968322754,0.06404280662536621,numeric_rule_failed_requires_review,,,,,
Design Rules,DRUL-C02,cf2ee8097a06,"Design Rules, Volume 2: Chapter 4‚ÄîThe Mirroring Hypothesis: Linkages Inside and Across Transaction Free Zones",representative,0.8913437128067017,0.8171051740646362,0.07423853874206543,numeric_rule_failed_requires_review,,,,,
Design Rules,DRUL-C02,6f114a6d29d1,Toward a Conceptualization of Organizational Modularity,representative,0.8932855129241943,0.7857718467712402,0.1075136661529541,numeric_rule_failed_requires_review,,,,,
Design Rules,DRUL-C02,2a22a314dcfb,Studying Software Architecture Through Design Spaces and Rules,representative+boundary,0.9059799909591675,0.8408515453338623,0.06512844562530518,numeric_rule_failed_requires_review,,,,,
Design frameworks,DF-C01,660ca24145b2,The E-Design Assessment Tool: an evidence-informed approach towards a consistent terminology for quantifying online distance learning activities,representative+boundary,0.9305855631828308,0.7898544073104858,0.14073115587234497,numeric_rule_failed_requires_review,,,,,
Design frameworks,DF-C01,1e7ab64c6cf9,Commentary: Strength-based co-design that EMPOWERs ‚Äì Lessons from codesigning with older adults,representative+boundary,0.9305856227874756,0.7724609971046448,0.1581246256828308,numeric_rule_failed_requires_review,,,,,
Design frameworks,DF-C02,560be0c20de7,"Designing for Trust, Progress, and Dignity: A Conceptual Framework for Reliability, Responsiveness, and Relational Quality in AI-Enabled Service Systems",boundary,0.8711845278739929,0.7559612989425659,0.115223228931427,numeric_rule_failed_requires_review,,,,,
Design frameworks,DF-C02,7afa6519f6fc,"The experience, dynamics and artifacts framework: towards a holistic model for designing serious and entertainment games",representative,0.9499846696853638,0.7611207962036133,0.1888638734817505,numeric_rule_failed_requires_review,,,,,
Design frameworks,DF-C02,268903a30da5,Systematic Review of Systemic Design Frameworks for Complex Challenges,representative+boundary,0.8927433490753174,0.7946693897247314,0.09807395935058594,numeric_rule_failed_requires_review,,,,,
Design frameworks,DF-C02,e09769771b82,"The Experience, Dynamics and Artifacts Framework: Towards a Holistic Model for Designing Serious and Entertainment Games",representative+boundary,0.9532299637794495,0.7665441036224365,0.18668586015701294,numeric_rule_failed_requires_review,,,,,
Design knowledge,DK-C01,9d158233f041,Guidelines supporting the formulation of design principles,boundary,0.9133511185646057,0.9197288155555725,-0.006377696990966797,numeric_rule_failed_requires_review,,,,,
Design knowledge,DK-C01,82f49b5a1905,SOLUTION REPERTOIRE,boundary,0.8858243823051453,0.8834478259086609,0.002376556396484375,numeric_rule_failed_requires_review,,,,,
Design knowledge,DK-C01,a707fd62833a,Tracing the tensions surrounding understandings of agency and knowledge in technology design,boundary,0.8876851201057434,0.8762757182121277,0.011409401893615723,numeric_rule_failed_requires_review,,,,,
Design knowledge,DK-C01,03adadfa0ad4,"Design Principles: Literature Review, Analysis, and Future Directions",representative,0.9242962598800659,0.9122737050056458,0.012022554874420166,numeric_rule_failed_requires_review,,,,,
Design knowledge,DK-C01,00e42ae113b8,Utilization of design principles for hybrid learning configurations by interprofessional design teams,representative,0.9137985110282898,0.8644675016403198,0.04933100938796997,numeric_rule_failed_requires_review,,,,,
Design knowledge,DK-C01,af4a4237d98a,Utilization of design principles for hybrid learning configurations by interprofessional design teams,representative,0.9137985110282898,0.8644675016403198,0.04933100938796997,numeric_rule_failed_requires_review,,,,,
Design knowledge,DK-C02,39fee30eb03c,Cutting Cubes Out of Fog: The Whole View of Design,boundary,0.8840057849884033,0.8806182146072388,0.0033875703811645508,numeric_rule_failed_requires_review,,,,,
Design knowledge,DK-C02,3058799f63c1,Using Schema to Inform Method Design Practices,boundary,0.8681855201721191,0.8645803928375244,0.0036051273345947266,numeric_rule_failed_requires_review,,,,,
Design knowledge,DK-C02,ccc616a68c38,Towards Creating a Body of Evidence-based Interactive Digital Narrative Design Knowledge: Approaches and Challenges,boundary,0.8466465473175049,0.8411945104598999,0.0054520368576049805,numeric_rule_failed_requires_review,,,,,
Design knowledge,DK-C02,5a716d80ac6b,Towards a Method for Design Principle Development in Information Systems,representative,0.9439293146133423,0.9239230751991272,0.020006239414215088,numeric_rule_failed_requires_review,,,,,
Design knowledge,DK-C02,07eb3166d706,A Typology of Knowledge Creation in Design Science Research Projects,representative,0.9357010126113892,0.9136794209480286,0.022021591663360596,numeric_rule_failed_requires_review,,,,,
Design knowledge,DK-C02,7b15d81000db,The anatomy of a design theory,representative,0.9345934987068176,0.9020136594772339,0.03257983922958374,numeric_rule_failed_requires_review,,,,,
Design knowledge,DK-C03,b0fe7e080516,Design knowledge representation: An ontological perspective,boundary,0.9287923574447632,0.9101614356040955,0.018630921840667725,numeric_rule_failed_requires_review,,,,,
Design knowledge,DK-C03,94bc88b88ae6,Design knowledge in the artistic‚Äìaesthetic development and transformation of the world,boundary,0.9165184497833252,0.8963832259178162,0.020135223865509033,numeric_rule_failed_requires_review,,,,,
Design knowledge,DK-C03,6b9f020cd024,Design knowledge for decision-making process in a DFX product design approach,representative,0.9316365718841553,0.8779585361480713,0.053678035736083984,numeric_rule_failed_requires_review,,,,,
Design knowledge,DK-C03,2a3139d14895,What is design knowledge from the viewpoint of CPM/PDD?,representative,0.9301942586898804,0.8598697781562805,0.07032448053359985,numeric_rule_failed_requires_review,,,,,
Design knowledge,DK-C03,cc5e9fe45cc6,A study of practice based design research models from knowledge integration perspective,representative+boundary,0.9297312498092651,0.9007552862167358,0.028975963592529297,numeric_rule_failed_requires_review,,,,,
Design methods,DM-C01,b5d968168f35,A Framework of Design Method Corroboration,boundary,0.9039598703384399,0.871241569519043,0.03271830081939697,numeric_rule_failed_requires_review,,,,,
Design methods,DM-C01,6e06768bb26b,Design as Research in Landscape Architecture,boundary,0.9011377096176147,0.8648994565010071,0.036238253116607666,numeric_rule_failed_requires_review,,,,,
Design methods,DM-C01,dbf31702e533,Patterns for living lab practice: describing key know-how to promote service co-creation with users,boundary,0.8642193078994751,0.8268516659736633,0.03736764192581177,numeric_rule_failed_requires_review,,,,,
Design methods,DM-C01,60c69d24c5a3,Evaluating the efficacy and effectiveness of design methods: A systematic review and assessment framework,representative,0.9371954202651978,0.8963519930839539,0.040843427181243896,numeric_rule_failed_requires_review,,,,,
Design methods,DM-C01,40a2d86cd488,Elements of a design method - a basis for describing and evaluating design methods,representative,0.9399277567863464,0.8945108652114868,0.04541689157485962,numeric_rule_failed_requires_review,,,,,
Design methods,DM-C01,878cf959ac53,Designerly Research Methods and Researcherly Design Methods,representative,0.9346014261245728,0.875434398651123,0.05916702747344971,numeric_rule_failed_requires_review,,,,,
Design methods,DM-C02,95c2b3d44aff,Multiple forms of applications and impacts of a design theory -ten years of industrial applications of C-K theory,boundary,0.8767364025115967,0.8404750227928162,0.03626137971878052,numeric_rule_failed_requires_review,,,,,
Design methods,DM-C02,bee7b59885fa,Adapting the FBS Model of Designing for Usage-Driven Innovation Processes,representative,0.9016145467758179,0.8565670847892761,0.04504746198654175,numeric_rule_failed_requires_review,,,,,
Design methods,DM-C02,f16832406221,A Framework for Systemic Design,representative+boundary,0.9253689050674438,0.904491662979126,0.02087724208831787,numeric_rule_failed_requires_review,,,,,
Design methods,DM-C02,885a1eee70e3,"The Design of Business Models: What, How and Why",representative+boundary,0.9045396447181702,0.860076367855072,0.044463276863098145,numeric_rule_failed_requires_review,,,,,
Design methods,DM-C03,f02904f836be,Universal Participatory Design: Achievements and Challenges,representative+boundary,0.898682713508606,0.8508555293083191,0.047827184200286865,numeric_rule_failed_requires_review,,,,,
Design methods,DM-C03,5ba50396ff25,What is a Convention in Interactive Narrative Design?,representative+boundary,0.8746922016143799,0.8088423013687134,0.0658499002456665,numeric_rule_failed_requires_review,,,,,
Design methods,DM-C03,714b3f6f8ac7,Degrees of Interaction: Towards a Classification,representative+boundary,0.9074972867965698,0.823463499546051,0.0840337872505188,numeric_rule_failed_requires_review,,,,,
Design principles,DPRI-C01,31bdafb1fc73,Explainable Medical Imaging AI Needs Human-Centered Design: Guidelines and Evidence from a Systematic Review,boundary,0.8625625371932983,0.8027433156967163,0.05981922149658203,numeric_rule_failed_requires_review,,,,,
Design principles,DPRI-C01,2ba0daf07e8e,Engineering design principles as patterns of relationships in frame creation,representative,0.8767179250717163,0.7870762944221497,0.08964163064956665,numeric_rule_failed_requires_review,,,,,
Design principles,DPRI-C01,01467836cecf,Design principles for human-computer interfaces,representative+boundary,0.923772931098938,0.8605085611343384,0.06326436996459961,numeric_rule_failed_requires_review,,,,,
Design principles,DPRI-C01,93bb03ac03b6,Design principles for data analysis,representative+boundary,0.8808646202087402,0.8167313933372498,0.06413322687149048,numeric_rule_failed_requires_review,,,,,
Design principles,DPRI-C02,0b35e34543e2,Designing Artificial Identity: The Identity Design Framework and Research Agenda,boundary,0.8689493536949158,0.8165837526321411,0.05236560106277466,numeric_rule_failed_requires_review,,,,,
Design principles,DPRI-C02,2280b868ea5f,Form and Function: Toward a Better Understanding of Design-Based Games,boundary,0.8780497312545776,0.8172178864479065,0.06083184480667114,numeric_rule_failed_requires_review,,,,,
Design principles,DPRI-C02,fee96194a322,Personalising learning: towards a coherent learning design framework,representative,0.9045560359954834,0.8185484409332275,0.08600759506225586,numeric_rule_failed_requires_review,,,,,
Design principles,DPRI-C02,d0a936b480d4,Acquiring educational access for neurodiverse learners through multisensory design principles,representative,0.893347978591919,0.7893901467323303,0.10395783185958862,numeric_rule_failed_requires_review,,,,,
Design principles,DPRI-C02,42c66c187222,Toward an effective approach to collaboration education: A taxonomy for game design,representative+boundary,0.8969745635986328,0.818709135055542,0.07826542854309082,numeric_rule_failed_requires_review,,,,,
Design rationale,DRAT-C01,296e021afe91,A generic model for reflective design,boundary,0.9346296787261963,0.8722876310348511,0.062342047691345215,numeric_rule_failed_requires_review,,,,,
Design rationale,DRAT-C01,edde6dc75b19,The language of design: Theory and computation,boundary,0.9124655723571777,0.846523642539978,0.06594192981719971,numeric_rule_failed_requires_review,,,,,
Design rationale,DRAT-C01,ab97fa9e6ec7,"""Argumentative Design Rationale and the Object-Oriented Development Process: better analysis, better design""",boundary,0.9373859167098999,0.8662588000297546,0.07112711668014526,numeric_rule_failed_requires_review,,,,,
Design rationale,DRAT-C01,0050f73e4373,Integrating different perspective on design rationale: Supporting the emergence of design rationale from design communication,representative,0.9607721567153931,0.8649678230285645,0.09580433368682861,numeric_rule_failed_requires_review,,,,,
Design rationale,DRAT-C01,40034332988c,Redesigning the rationale for design rationale,representative,0.952491283416748,0.8562557697296143,0.09623551368713379,numeric_rule_failed_requires_review,,,,,
Design rationale,DRAT-C01,4c8bdfbd1309,Integrating different perspectives on design rationale: supporting the emergence of design rationale from design communication,representative,0.9622188210487366,0.8649585247039795,0.09726029634475708,numeric_rule_failed_requires_review,,,,,
Design rationale,DRAT-C02,d5d39efbe945,Method rationale in method engineering,representative+boundary,0.9454143643379211,0.8791795372962952,0.06623482704162598,numeric_rule_failed_requires_review,,,,,
Design rationale,DRAT-C02,4ac74ce3f335,Towards a framework for documentation design: an abstract model of computer-mediated activity,representative+boundary,0.9454143047332764,0.8406461477279663,0.10476815700531006,numeric_rule_failed_requires_review,,,,,
