keyword,cluster_id,rank,term,ctfidf_weight
Design Guidelines,DG-C01,1,user interface,0.040922182421014676
Design Guidelines,DG-C01,2,tacit,0.039126622462318586
Design Guidelines,DG-C01,3,visualization,0.024119958985928072
Design Guidelines,DG-C01,4,component,0.01882296663325982
Design Guidelines,DG-C01,5,instances,0.018270369185234125
Design Guidelines,DG-C01,6,constraints,0.018054001712220536
Design Guidelines,DG-C01,7,characteristics,0.015862689234578526
Design Guidelines,DG-C01,8,support,0.015249013005874857
Design Guidelines,DG-C01,9,violation,0.014078521260332356
Design Guidelines,DG-C01,10,tools,0.013949729463414608
Design Guidelines,DG-C01,11,designers,0.01369959524804509
Design Guidelines,DG-C01,12,uis-hunter,0.011934664316094953
Design Guidelines,DG-C01,13,actions,0.01149382556732006
Design Guidelines,DG-C01,14,material,0.010584789483799819
Design Guidelines,DG-C01,15,smell,0.01046153880096958
Design Guidelines,DG-C02,1,rural,0.04839941305394807
Design Guidelines,DG-C02,2,user,0.02428219922748376
Design Guidelines,DG-C02,3,geo-portals,0.021830940547331017
Design Guidelines,DG-C02,4,development,0.019120865194514048
Design Guidelines,DG-C02,5,sidewalks,0.019081454153672635
Design Guidelines,DG-C02,6,user experience,0.01627026491369516
Design Guidelines,DG-C02,7,planning,0.015385470682071852
Design Guidelines,DG-C02,8,rural development,0.014779387984473754
Design Guidelines,DG-C02,9,map-based,0.014779387984473754
Design Guidelines,DG-C02,10,requirements,0.014552863602819401
Design Guidelines,DG-C02,11,people,0.014467936382756065
Design Guidelines,DG-C02,12,experience,0.013560885188042703
Design Guidelines,DG-C02,13,map-based geo-portals,0.013287580893961246
Design Guidelines,DG-C02,14,village,0.013287580893961246
Design Guidelines,DG-C02,15,factors,0.011966477197166996
Design Guidelines,DG-C03,1,experience,0.015883252450174898
Design Guidelines,DG-C03,2,visualization,0.014828505349231963
Design Guidelines,DG-C03,3,HCI,0.014209509132495458
Design Guidelines,DG-C03,4,interaction,0.01384467696411247
Design Guidelines,DG-C03,5,users,0.013717191847227259
Design Guidelines,DG-C03,6,gratifications,0.012260411770856135
Design Guidelines,DG-C03,7,immersive,0.011892834809577013
Design Guidelines,DG-C03,8,media,0.011149639320272292
Design Guidelines,DG-C03,9,data,0.011099142679774056
Design Guidelines,DG-C03,10,aesthetics,0.011079434055252487
Design Guidelines,DG-C03,11,participants,0.009943041514765386
Design Guidelines,DG-C03,12,techniques,0.009577917925398869
Design Guidelines,DG-C03,13,digital,0.00884717917001666
Design Guidelines,DG-C03,14,context,0.00813797320654925
Design Guidelines,DG-C03,15,theory,0.00758175473778516
Design Guidelines,DG-C04,1,task,0.01538062301027479
Design Guidelines,DG-C04,2,language,0.014181658551594154
Design Guidelines,DG-C04,3,software,0.010620935762546106
Design Guidelines,DG-C04,4,architecture,0.009978478024085026
Design Guidelines,DG-C04,5,domain,0.00934552657169993
Design Guidelines,DG-C04,6,specific,0.009073922586691721
Design Guidelines,DG-C04,7,tools,0.00879253905645176
Design Guidelines,DG-C04,8,user interface,0.008434149090572928
Design Guidelines,DG-C04,9,types,0.008038218408290717
Design Guidelines,DG-C04,10,modeling,0.008001819383269297
Design Guidelines,DG-C04,11,proposed,0.007894124780337717
Design Guidelines,DG-C04,12,elements,0.007882982133217196
Design Guidelines,DG-C04,13,definitions,0.007705455702407471
Design Guidelines,DG-C04,14,principles,0.007236457280151175
Design Guidelines,DG-C04,15,provide,0.006874183777796759
Design Heuristics,DH-C01,1,product,0.02090650024061638
Design Heuristics,DH-C01,2,designers,0.01635830950666348
Design Heuristics,DH-C01,3,concepts,0.0163476834397879
Design Heuristics,DH-C01,4,example,0.010301641145289295
Design Heuristics,DH-C01,5,generation,0.010226706232344713
Design Heuristics,DH-C01,6,idea,0.009032143284198473
Design Heuristics,DH-C01,7,observed,0.009032143284198473
Design Heuristics,DH-C01,8,solutions,0.008975052885861657
Design Heuristics,DH-C01,9,form,0.008670857552830534
Design Heuristics,DH-C01,10,specific,0.008206512109968684
Design Heuristics,DH-C01,11,development,0.007714353783267358
Design Heuristics,DH-C01,12,possible,0.007485629852890874
Design Heuristics,DH-C01,13,risk,0.007485629852890874
Design Heuristics,DH-C01,14,help,0.0074287907012321455
Design Heuristics,DH-C01,15,existing,0.0066371405799846885
Design Heuristics,DH-C02,1,formats,0.03778088972145302
Design Heuristics,DH-C02,2,communication,0.03119680322774183
Design Heuristics,DH-C02,3,communication formats,0.026229009844549168
Design Heuristics,DH-C02,4,time,0.019996636503939538
Design Heuristics,DH-C02,5,people,0.016801957478117156
Design Heuristics,DH-C02,6,dialogue,0.016178678143124396
Design Heuristics,DH-C02,7,industrial,0.015922369060819275
Design Heuristics,DH-C02,8,product,0.015352721844704981
Design Heuristics,DH-C02,9,users,0.015267834383204264
Design Heuristics,DH-C02,10,technology,0.015153346143979738
Design Heuristics,DH-C02,11,designers,0.014054443523809078
Design Heuristics,DH-C02,12,human,0.013482231785936995
Design Heuristics,DH-C02,13,taxonomy,0.013067813428961699
Design Heuristics,DH-C02,14,development,0.012679426954020618
Design Heuristics,DH-C02,15,assistive,0.01153630799986175
Design Patterns,DPAT-C01,1,game,0.014227365103035938
Design Patterns,DPAT-C01,2,AI,0.009176611639718082
Design Patterns,DPAT-C01,3,alexander,0.008924440945306719
Design Patterns,DPAT-C01,4,interaction,0.007824619810408079
Design Patterns,DPAT-C01,5,achievements,0.007650065550688056
Design Patterns,DPAT-C01,6,engineering,0.007346850411745012
Design Patterns,DPAT-C01,7,quality,0.006108389297324868
Design Patterns,DPAT-C01,8,software,0.0058362279114586415
Design Patterns,DPAT-C01,9,human,0.005791117962332525
Design Patterns,DPAT-C01,10,nature,0.00564647695407928
Design Patterns,DPAT-C01,11,experience,0.005432870674422433
Design Patterns,DPAT-C01,12,example,0.005286751721122307
Design Patterns,DPAT-C01,13,ai-based,0.005066107901499459
Design Patterns,DPAT-C01,14,practice,0.004912165773388037
Design Patterns,DPAT-C01,15,collection,0.004793215565171044
Design Patterns,DPAT-C02,1,language,0.016422370659290943
Design Patterns,DPAT-C02,2,context,0.01316851722552315
Design Patterns,DPAT-C02,3,solutions,0.010152358085482378
Design Patterns,DPAT-C02,4,domain,0.009769753561597287
Design Patterns,DPAT-C02,5,software,0.00961058698912059
Design Patterns,DPAT-C02,6,interaction,0.008755121602987173
Design Patterns,DPAT-C02,7,management,0.00867729608624611
Design Patterns,DPAT-C02,8,creation,0.00820084260904952
Design Patterns,DPAT-C02,9,teachers,0.007680358463042441
Design Patterns,DPAT-C02,10,fluent,0.007359931495223869
Design Patterns,DPAT-C02,11,learning,0.007303277340253751
Design Patterns,DPAT-C02,12,specific,0.0072557884860401
Design Patterns,DPAT-C02,13,designers,0.006789320118163287
Design Patterns,DPAT-C02,14,development,0.0059715325689043116
Design Patterns,DPAT-C02,15,example,0.005969662566972882
Design Patterns,DPAT-C03,1,software,0.011753868710085588
Design Patterns,DPAT-C03,2,visualization,0.009056038795052634
Design Patterns,DPAT-C03,3,architecture,0.008546100170654505
Design Patterns,DPAT-C03,4,modeling,0.008191161816876487
Design Patterns,DPAT-C03,5,structural,0.008114813902460634
Design Patterns,DPAT-C03,6,specific,0.007800795262546279
Design Patterns,DPAT-C03,7,example,0.007549869154120826
Design Patterns,DPAT-C03,8,structure,0.007401874276962317
Design Patterns,DPAT-C03,9,class,0.006575971776323668
Design Patterns,DPAT-C03,10,abstraction,0.006474428671897916
Design Patterns,DPAT-C03,11,formal,0.0063075647650451495
Design Patterns,DPAT-C03,12,application,0.006306755821683119
Design Patterns,DPAT-C03,13,composition,0.006260966448803598
Design Patterns,DPAT-C03,14,development,0.006151140942454131
Design Patterns,DPAT-C03,15,device,0.005981932589107185
Design Procedures,DPROC-C01,1,restoration,0.112969565137586
Design Procedures,DPROC-C01,2,stream,0.09833875054878047
Design Procedures,DPROC-C01,3,stream restoration,0.0762904082033321
Design Procedures,DPROC-C01,4,plan,0.03523765927824909
Design Procedures,DPROC-C01,5,water,0.030928459128539375
Design Procedures,DPROC-C01,6,phase,0.02795393469659692
Design Procedures,DPROC-C01,7,proposed,0.023311200761859076
Design Procedures,DPROC-C01,8,integrated,0.021707707028017886
Design Procedures,DPROC-C01,9,river,0.021707707028017886
Design Procedures,DPROC-C01,10,ecological,0.018401070181203648
Design Procedures,DPROC-C01,11,detailed,0.016690703520268305
Design Procedures,DPROC-C01,12,river restoration,0.016690703520268305
Design Procedures,DPROC-C01,13,presented,0.014936004199154458
Design Procedures,DPROC-C01,14,restoration phase,0.014936004199154458
Design Procedures,DPROC-C01,15,developed,0.014936004199154458
Design Rules,DRUL-C01,1,user,0.022201430037199127
Design Rules,DRUL-C01,2,eudaimonic,0.020909898887410915
Design Rules,DRUL-C01,3,mechanical,0.01657010587161274
Design Rules,DRUL-C01,4,tissue,0.013483016387010632
Design Rules,DRUL-C01,5,stretchable,0.013483016387010632
Design Rules,DRUL-C01,6,experience,0.012955232013920851
Design Rules,DRUL-C01,7,materials,0.012177006574260019
Design Rules,DRUL-C01,8,HCI,0.011984903455120561
Design Rules,DRUL-C01,9,technology,0.011337419053588305
Design Rules,DRUL-C01,10,electronic,0.010845459448194967
Design Rules,DRUL-C01,11,transient,0.010845459448194967
Design Rules,DRUL-C01,12,stable,0.010654880752477516
Design Rules,DRUL-C01,13,soft,0.010654880752477516
Design Rules,DRUL-C01,14,interaction,0.010200440240696908
Design Rules,DRUL-C01,15,well-being,0.009484699065524333
Design Rules,DRUL-C02,1,technical,0.014806484142154137
Design Rules,DRUL-C02,2,modular,0.014656966746598598
Design Rules,DRUL-C02,3,organizational,0.01368319763150684
Design Rules,DRUL-C02,4,development,0.012160925360704573
Design Rules,DRUL-C02,5,architecture,0.011676789818102223
Design Rules,DRUL-C02,6,baldwin,0.008926032157072182
Design Rules,DRUL-C02,7,components,0.007914896513676174
Design Rules,DRUL-C02,8,structure,0.007814212728154288
Design Rules,DRUL-C02,9,space,0.007771403263345861
Design Rules,DRUL-C02,10,prototyping,0.007129491440209682
Design Rules,DRUL-C02,11,clark,0.007129491440209682
Design Rules,DRUL-C02,12,functional,0.006855280230970848
Design Rules,DRUL-C02,13,hybrid,0.006429688090973272
Design Rules,DRUL-C02,14,considerations,0.006429688090973272
Design Rules,DRUL-C02,15,common,0.006429688090973272
Design frameworks,DF-C01,1,learning,0.058263465851271116
Design frameworks,DF-C01,2,activities,0.03285980581198218
Design frameworks,DF-C01,3,co-design,0.030312562176942646
Design frameworks,DF-C01,4,learning activities,0.02321781906398474
Design frameworks,DF-C01,5,feedback,0.02177189970176198
Design frameworks,DF-C01,6,online,0.021362366008172963
Design frameworks,DF-C01,7,participants,0.02042014444280233
Design frameworks,DF-C01,8,vulnerability,0.019467545479470032
Design frameworks,DF-C01,9,experiencing,0.017528682430614045
Design frameworks,DF-C01,10,interaction,0.016865025795926022
Design frameworks,DF-C01,11,experiencing vulnerability,0.016540944225037206
Design frameworks,DF-C01,12,online learning,0.014524351600403804
Design frameworks,DF-C01,13,learning designs,0.014524351600403804
Design frameworks,DF-C01,14,terminology,0.014344472416329775
Design frameworks,DF-C01,15,social,0.01349325735483605
Design frameworks,DF-C02,1,game,0.048036209619564306
Design frameworks,DF-C02,2,experience,0.0196948691181529
Design frameworks,DF-C02,3,player,0.018655292798641785
Design frameworks,DF-C02,4,learning,0.017866415941524036
Design frameworks,DF-C02,5,service,0.016839509493548416
Design frameworks,DF-C02,6,dynamics,0.016839509493548416
Design frameworks,DF-C02,7,systemic,0.014012457139897423
Design frameworks,DF-C02,8,elements,0.013818403316398007
Design frameworks,DF-C02,9,AI,0.013038172620530216
Design frameworks,DF-C02,10,view,0.01204554197409348
Design frameworks,DF-C02,11,components,0.01204554197409348
Design frameworks,DF-C02,12,aspects,0.01103271409998776
Design frameworks,DF-C02,13,mechanics,0.01103271409998776
Design frameworks,DF-C02,14,entertainment,0.01103271409998776
Design frameworks,DF-C02,15,literature,0.010934320768389376
Design knowledge,DK-C01,1,HCI,0.01651852177821605
Design knowledge,DK-C01,2,practice,0.011413119833863476
Design knowledge,DK-C01,3,patterns,0.008891844761316004
Design knowledge,DK-C01,4,designers,0.007956311331179577
Design knowledge,DK-C01,5,principles,0.007810348396072603
Design knowledge,DK-C01,6,students,0.007347884936980368
Design knowledge,DK-C01,7,social,0.007060322182917562
Design knowledge,DK-C01,8,context,0.00672403680421596
Design knowledge,DK-C01,9,guidelines,0.006609462873591893
Design knowledge,DK-C01,10,heuristics,0.006567886322366282
Design knowledge,DK-C01,11,user,0.006507008866904034
Design knowledge,DK-C01,12,health,0.006466611720603162
Design knowledge,DK-C01,13,form,0.006458291206718114
Design knowledge,DK-C01,14,human,0.006274056986844009
Design knowledge,DK-C01,15,AI,0.006218603551918362
Design knowledge,DK-C02,1,data,0.00988026521837066
Design knowledge,DK-C02,2,ontology,0.008316702393117574
Design knowledge,DK-C02,3,development,0.00803728184556034
Design knowledge,DK-C02,4,digital,0.007865043357302443
Design knowledge,DK-C02,5,types,0.007590214391558885
Design knowledge,DK-C02,6,prescriptive,0.007394797372891656
Design knowledge,DK-C02,7,theory,0.007119914009361421
Design knowledge,DK-C02,8,game,0.006900532761159401
Design knowledge,DK-C02,9,designers,0.006742208390284878
Design knowledge,DK-C02,10,artifacts,0.006444836044631004
Design knowledge,DK-C02,11,researchers,0.006434621877856417
Design knowledge,DK-C02,12,case,0.006413866368726615
Design knowledge,DK-C02,13,abstract,0.005907266406892173
Design knowledge,DK-C02,14,platform,0.005887427543291006
Design knowledge,DK-C02,15,practice,0.005457334906217858
Design knowledge,DK-C03,1,product,0.055821133195350925
Design knowledge,DK-C03,2,management,0.015928018904388466
Design knowledge,DK-C03,3,development,0.01513434164575415
Design knowledge,DK-C03,4,causal,0.01464156766032137
Design knowledge,DK-C03,5,industrial,0.013160905902450356
Design knowledge,DK-C03,6,prototyping,0.012575313958281901
Design knowledge,DK-C03,7,product development,0.012472369554439042
Design knowledge,DK-C03,8,dimensions,0.012104350736589638
Design knowledge,DK-C03,9,reuse,0.011428609499861589
Design knowledge,DK-C03,10,engineering,0.011278642980440678
Design knowledge,DK-C03,11,near-field,0.01119759808689436
Design knowledge,DK-C03,12,designer,0.009774823916381922
Design knowledge,DK-C03,13,context,0.009609570348133322
Design knowledge,DK-C03,14,practice,0.008261304358948358
Design knowledge,DK-C03,15,following,0.008123065147678101
Design methods,DM-C01,1,value,0.014087571253124532
Design methods,DM-C01,2,users,0.009644481754763824
Design methods,DM-C01,3,designers,0.008587632232941783
Design methods,DM-C01,4,practice,0.008185695736191118
Design methods,DM-C01,5,context,0.007099101117599174
Design methods,DM-C01,6,engineering,0.0068880464643104895
Design methods,DM-C01,7,concepts,0.006809341888309413
Design methods,DM-C01,8,need,0.006556619877833285
Design methods,DM-C01,9,development,0.00650820507228624
Design methods,DM-C01,10,embodied,0.006447682319755423
Design methods,DM-C01,11,systemic,0.006423824875742602
Design methods,DM-C01,12,interaction,0.006031941982669611
Design methods,DM-C01,13,innovative,0.005922148303662857
Design methods,DM-C01,14,evaluation,0.005701613947451649
Design methods,DM-C01,15,implications,0.005457515869884846
Design methods,DM-C02,1,autobiographical,0.02393420920838818
Design methods,DM-C02,2,role-playing,0.021528575223243522
Design methods,DM-C02,3,interactive,0.020668911666630322
Design methods,DM-C02,4,designers,0.018397078935401177
Design methods,DM-C02,5,techniques,0.015937067273311234
Design methods,DM-C02,6,building,0.01527896597727353
Design methods,DM-C02,7,conventions,0.014583078571536737
Design methods,DM-C02,8,game,0.013815548120403223
Design methods,DM-C02,9,HCI,0.013566707234523594
Design methods,DM-C02,10,improvisation,0.012581038230596737
Design methods,DM-C02,11,group,0.012327660045697351
Design methods,DM-C02,12,performance,0.01176060350097375
Design methods,DM-C02,13,user,0.011252403418811186
Design methods,DM-C02,14,autonomous,0.01121277523280481
Design methods,DM-C02,15,constraints,0.009905015564656523
Design methods,DM-C03,1,business,0.026878203538620346
Design methods,DM-C03,2,theory,0.026525367420157306
Design methods,DM-C03,3,complexity,0.015688211495298084
Design methods,DM-C03,4,design theory,0.012781068473132514
Design methods,DM-C03,5,components,0.011853653184296872
Design methods,DM-C03,6,variations,0.011132340749932556
Design methods,DM-C03,7,base,0.01028987867668415
Design methods,DM-C03,8,robust,0.009066546440419692
Design methods,DM-C03,9,floorplan,0.008256391016288663
Design methods,DM-C03,10,development,0.008204961642883597
Design methods,DM-C03,11,community,0.007890914283767035
Design methods,DM-C03,12,housing,0.007809816589761498
Design methods,DM-C03,13,parts,0.007304132172857674
Design methods,DM-C03,14,tools,0.00726768680928413
Design methods,DM-C03,15,methodology,0.00699616927957622
Design principles,DPRI-C01,1,data,0.03433753672596902
Design principles,DPRI-C01,2,analysis,0.013626441800510142
Design principles,DPRI-C01,3,user,0.011693605967093157
Design principles,DPRI-C01,4,heuristics,0.01082888954407256
Design principles,DPRI-C01,5,mesh,0.010271722231985624
Design principles,DPRI-C01,6,data mesh,0.010271722231985624
Design principles,DPRI-C01,7,literature,0.00866641643834856
Design principles,DPRI-C01,8,data analysis,0.008433121053251154
Design principles,DPRI-C01,9,HCI,0.008147786141021879
Design principles,DPRI-C01,10,frame,0.008147786141021879
Design principles,DPRI-C01,11,example,0.008041970730012293
Design principles,DPRI-C01,12,engineering,0.008012710320005582
Design principles,DPRI-C01,13,obligations,0.007587429452925056
Design principles,DPRI-C01,14,transparency,0.0074409891646333715
Design principles,DPRI-C01,15,domain,0.0071186258528952535
Design principles,DPRI-C02,1,learning,0.027138498555551036
Design principles,DPRI-C02,2,identity,0.02290090095533937
Design principles,DPRI-C02,3,games,0.01630632720312533
Design principles,DPRI-C02,4,artificial,0.01590101375722392
Design principles,DPRI-C02,5,learners,0.013418544812437675
Design principles,DPRI-C02,6,evaluation,0.012338457178420211
Design principles,DPRI-C02,7,player,0.012140835815541139
Design principles,DPRI-C02,8,technology,0.010503068077851755
Design principles,DPRI-C02,9,help,0.010181579783143537
Design principles,DPRI-C02,10,group,0.010117363179617615
Design principles,DPRI-C02,11,agents,0.009496345325930525
Design principles,DPRI-C02,12,personalisation,0.009496345325930525
Design principles,DPRI-C02,13,education,0.009422904436297723
Design principles,DPRI-C02,14,designers,0.009030475752873203
Design principles,DPRI-C02,15,support,0.00884867938274573
Design rationale,DRAT-C01,1,designers,0.01659572335517049
Design rationale,DRAT-C01,2,capture,0.01568166185013427
Design rationale,DRAT-C01,3,communication,0.012286501180226554
Design rationale,DRAT-C01,4,representation,0.010696533995438198
Design rationale,DRAT-C01,5,language,0.010658387393930548
Design rationale,DRAT-C01,6,support,0.009885134083583935
Design rationale,DRAT-C01,7,argumentation,0.009514658311318647
Design rationale,DRAT-C01,8,claims,0.009385782043586472
Design rationale,DRAT-C01,9,decisions,0.009081348391227779
Design rationale,DRAT-C01,10,quality,0.008965075432696118
Design rationale,DRAT-C01,11,structure,0.008505327974609136
Design rationale,DRAT-C01,12,advice,0.008421746299660367
Design rationale,DRAT-C01,13,patterns,0.007631404252108461
Design rationale,DRAT-C01,14,reasoning,0.007430899102609102
Design rationale,DRAT-C01,15,context,0.007387203776472348
Design rationale,DRAT-C02,1,documentation,0.024200585337998702
Design rationale,DRAT-C02,2,software,0.021864631168922226
Design rationale,DRAT-C02,3,tools,0.020866120796946577
Design rationale,DRAT-C02,4,learning,0.01839267514528047
Design rationale,DRAT-C02,5,level,0.018198877909533305
Design rationale,DRAT-C02,6,decisions,0.0181918171950866
Design rationale,DRAT-C02,7,situation,0.017695208064197703
Design rationale,DRAT-C02,8,activity,0.017025067842637395
Design rationale,DRAT-C02,9,support,0.015669381801780742
Design rationale,DRAT-C02,10,user,0.015208413302717421
Design rationale,DRAT-C02,11,screen,0.014511739509197135
Design rationale,DRAT-C02,12,inheritance,0.013794506358960353
Design rationale,DRAT-C02,13,engineering,0.01223048975088863
Design rationale,DRAT-C02,14,base,0.01201373362806375
Design rationale,DRAT-C02,15,experiences,0.011668232008364577
Design theory,DT-C01,1,product,0.014142384769322123
Design theory,DT-C01,2,cognitive,0.012304792209642972
Design theory,DT-C01,3,impact,0.011702733577691837
Design theory,DT-C01,4,load,0.009319944514485524
Design theory,DT-C01,5,cognitive load,0.008907813487028982
Design theory,DT-C01,6,human,0.008815652460104278
Design theory,DT-C01,7,technology,0.00876206087242568
Design theory,DT-C01,8,science,0.008058184705508212
Design theory,DT-C01,9,understanding,0.007816925601878659
Design theory,DT-C01,10,designers,0.007686248781924348
Design theory,DT-C01,11,function,0.007541393884151278
Design theory,DT-C01,12,conceptual,0.006962385799386283
Design theory,DT-C01,13,engineering,0.006860106786207145
Design theory,DT-C01,14,methodology,0.0068193301396360624
Design theory,DT-C01,15,theoretical,0.0066859048854681176
Design theory,DT-C02,1,theoretical,0.01165109840988905
Design theory,DT-C02,2,practice,0.011359471562827352
Design theory,DT-C02,3,sonification,0.010275735077435899
Design theory,DT-C02,4,type,0.008235380965277726
Design theory,DT-C02,5,value,0.006678212864559382
Design theory,DT-C02,6,kernel,0.006009602326013477
Design theory,DT-C02,7,science,0.0060085992180197315
Design theory,DT-C02,8,example,0.005883146124757178
Design theory,DT-C02,9,development,0.005696288567887597
Design theory,DT-C02,10,artifact,0.005541141456707674
Design theory,DT-C02,11,definition,0.005382946693305257
Design theory,DT-C02,12,understanding,0.0053131914629563366
Design theory,DT-C02,13,constructs,0.005278025929404236
Design theory,DT-C02,14,space,0.005198383228291765
Design theory,DT-C02,15,structure,0.004978863172524892
Design theory,DT-C03,1,management,0.014574723260402184
Design theory,DT-C03,2,service,0.013046989066508911
Design theory,DT-C03,3,learning,0.010642785021849975
Design theory,DT-C03,4,social,0.009703277455678852
Design theory,DT-C03,5,support,0.008725091681028628
Design theory,DT-C03,6,theoretical,0.008187628994697025
Design theory,DT-C03,7,development,0.007527989580034525
Design theory,DT-C03,8,literature,0.007367577757009634
Design theory,DT-C03,9,evaluation,0.007103360713988185
Design theory,DT-C03,10,practice,0.006880604566360079
Design theory,DT-C03,11,analysis,0.006749585845883841
Design theory,DT-C03,12,gregor,0.006348246080572352
Design theory,DT-C03,13,practitioners,0.006242030047735086
Design theory,DT-C03,14,empirical,0.006217053028297727
Design theory,DT-C03,15,digital,0.006187185377816177
