keyword,cluster_id,paper_count,assignment_status,interpretation_status,statistical_descriptor_not_final_label,top_terms,representative_paper_ids,representative_titles,representative_passage_ids,maximum_sibling_top10_jaccard
Design Guidelines,DG-C01,3,numeric_rule_failed_requires_review,provisional_pending_cluster_review,user interface; tacit; visualization,user interface | tacit | visualization | component | instances | constraints | characteristics | support | violation | tools | designers | uis-hunter | actions | material | smell,00d7fbafe65f | ee0a5b26f6dc | f0b2517a04a4,"Demystifying Tacit Knowledge in Graphic Design: Characteristics, Instances, Approaches, and Guidelines | Formalizing Visualization Design Knowledge as Constraints: Actionable and Extensible Models in Draco | Don't Do That! Hunting Down Visual Design Smells in Complex UIs against Design Guidelines",00d7fbafe65f_p0072 | f0b2517a04a4_p0072 | ee0a5b26f6dc_p0149,0.1111111111111111
Design Guidelines,DG-C02,4,numeric_rule_failed_requires_review,provisional_pending_cluster_review,rural; user; geo-portals,rural | user | geo-portals | development | sidewalks | user experience | planning | rural development | map-based | requirements | people | experience | map-based geo-portals | village | factors,0ef759265f23 | 0176348439b8 | cb7daae2b94f | 866322a64dc5,The equitable use concept in sidewalk design | A Comparative Study of Chinese and American Rural Design Guidelines | User Experience Design in Professional Map-Based Geo-Portals | Healthy Eating Design Guidelines for School Architecture,0176348439b8_p0004 | cb7daae2b94f_p0005 | 0ef759265f23_p0013,0.0
Design Guidelines,DG-C03,6,numeric_rule_failed_requires_review,provisional_pending_cluster_review,experience; visualization; HCI,experience | visualization | HCI | interaction | users | gratifications | immersive | media | data | aesthetics | participants | techniques | digital | context | theory,615169de6f0e | 75f43821c56f | 0842498049c7 | 65c31c577170 | d0a17557440f,From interaction to trajectories: designing coherent journeys through user experiences | Towards a Model of Information Aesthetics in Information Visualization | The Extended Likeability Framework: A Theoretical Framework for and a Practical Case of Designing Likeable Media Applications for Preschoolers | The Rough Mile: Testing a Framework of Immersive Practice | Avoiding virtual dystopia: A design theory for emancipatory participatory immersive platforms,0842498049c7_p0005 | 65c31c577170_p0011 | ca185d91b684_p0004,0.05263157894736842
Design Guidelines,DG-C04,9,numeric_rule_failed_requires_review,provisional_pending_cluster_review,task; language; software,task | language | software | architecture | domain | specific | tools | user interface | types | modeling | proposed | elements | definitions | principles | provide,139a1e71d8dc | c216cc01fe23 | b14f85b19a87 | b357bc5a3d3b | 48af90d5dfe7,Separation of Modeling Principles and Design Principles in Enterprise Engineering | A Preliminary Proposal Towards Unambiguous Definitions for Modular Interfaces and Interactions | Design Study Methodology: Reflections from the Trenches and the Stacks | Towards Canonical Task Types for User Interface Design | Design Guidelines for Domain Specific Languages,9020aa145571_p0039 | 48af90d5dfe7_p0006 | b357bc5a3d3b_p0020,0.1111111111111111
Design Heuristics,DH-C01,7,numerically_selected_pending_human_veto,provisional_pending_cluster_review,product; designers; concepts,product | designers | concepts | example | generation | observed | idea | solutions | dhsfx | form | specific | development | possible | risk | help,9f4dbd790fe7 | cdd6de21b74b | 022ee7cf2e4e | 7cb073ebacac | 0512599e76df,Design Heuristics in Innovative Products | Evidence-based design heuristics for idea generation | Introduction of a standardized Notation of Design Heuristics for Knowledge Formalization | Formal system for the expression of target-oriented design heuristics | What is the content of 'design thinking'? Design Heuristics as conceptual repertoire,cdd6de21b74b_p0009 | cd211147691a_p0081 | 9f4dbd790fe7_p0057,0.05263157894736842
Design Heuristics,DH-C02,3,numerically_selected_pending_human_veto,provisional_pending_cluster_review,formats; communication; communication formats,formats | communication | communication formats | time | people | dialogue | industrial | product | users | technology | designers | human | taxonomy | development | assistive,0cbc36913472 | c6955d14d66c | 994d28d55eb8,Dialogue Appropriate to Assistive Technology Product Design: A Taxonomy of Communication Formats in Relation to Modes of Sensory Perception | Dialogue appropriate to assistive technology product design: A taxonomy of communication formats in relation to modes of sensory perception | From human factors to human actors to human crafters,0cbc36913472_p0019 | c6955d14d66c_p0019 | 994d28d55eb8_p0007,0.05263157894736842
Design Patterns,DPAT-C01,14,numeric_rule_failed_requires_review,provisional_pending_cluster_review,game; AI; alexander,game | AI | alexander | interaction | achievements | engineering | quality | software | human | nature | experience | example | ai-based | practice | collection,8393d36cff90 | 79abc1449981 | 7d99b05f405e | 2efb92894924 | 1151f6830f77,An overview of human-computer interaction patterns in pervasive systems | Thriving Systems Theory: An Emergent Information Systems Design Theory | Design Patterns for AI-based Systems: A Multivocal Literature Review and Pattern Repository | Particles of a Whole: Design Patterns for Transparent and Auditable AI-Systems | Design patterns in intelligent systems,09055cc69e8c_p0005 | 3a87795ac48c_p0016 | 7d99b05f405e_p0003,0.1111111111111111
Design Patterns,DPAT-C02,15,numeric_rule_failed_requires_review,provisional_pending_cluster_review,language; context; solutions,language | context | solutions | domain | software | interaction | management | creation | teachers | fluent | learning | specific | designers | development | example,242644458c6e | b967c3a334ff | 77ba97562fe7 | 098c9db1090d | 35874d939f8d,"A pattern approach to interaction design | Industrial experience with design patterns | Teachers’ Collaborative Pattern Language Design | A semantic representation for domain-specific patterns | Patterns, anticipation and participatory futures",4000c6073b5d_p0003 | 77ba97562fe7_p0059 | cd42a6611470_p0008,0.1111111111111111
Design Patterns,DPAT-C03,21,numeric_rule_failed_requires_review,provisional_pending_cluster_review,software; visualization; architecture,software | visualization | architecture | modeling | structural | specific | example | structure | class | abstraction | formal | application | composition | development | device,774e05395765 | f1a4dde3d156 | 677c4dc89d1d | bc6d0afdec8f | b9f64070ed9a,Understanding and using patterns in software development | Catalogue of general-purpose software design patterns | Elemental design patterns: A formal semantics for composition of OO software architecture | Design patterns for component-oriented software development | “Modeling-by-Patterns” of Web applications,287b2d823523_p0010 | 774e05395765_p0056 | 1fda49b32463_p0005,0.05263157894736842
Design Procedures,DPROC-C01,1,single_group_below_clustering_threshold,provisional_pending_cluster_review,restoration; stream; stream restoration,restoration | stream | stream restoration | plan | water | phase | proposed | integrated | river | ecological | detailed | river restoration | presented | restoration phase | developed,6ea89aad84f6,Development of Sustainable Integrated Design Framework for Stream Restoration,6ea89aad84f6_p0076,0.0
Design Rules,DRUL-C01,2,numeric_rule_failed_requires_review,provisional_pending_cluster_review,user; eudaimonic; mechanical,user | eudaimonic | mechanical | tissue | stretchable | experience | materials | HCI | technology | electronic | transient | stable | soft | interaction | well-being,dbc171dde63a | 1d033f71eb02,"Perfect Eudaimonic User Experience Design That Aristotle Would Have Wanted | Soft, Flexible, and Stretchable Platforms for Tissue-Interfaced Bioelectronics",dbc171dde63a_p0002 | 1d033f71eb02_p0068,0.0
Design Rules,DRUL-C02,9,numeric_rule_failed_requires_review,provisional_pending_cluster_review,technical; modular; organizational,technical | modular | organizational | development | architecture | baldwin | components | structure | space | prototyping | clark | functional | hybrid | considerations | common,f941f0424e1a | 2a22a314dcfb | 8aeb26c1e21d | cf2ee8097a06 | 6f114a6d29d1,"Design Rules, Volume 2: Chapter 6—The Value Structure of Technologies, Part 1: Mapping Functional Components | Studying Software Architecture Through Design Spaces and Rules | Steps toward a cognitive engineering: Design rules based on analyses of human error | Design Rules, Volume 2: Chapter 4—The Mirroring Hypothesis: Linkages Inside and Across Transaction Free Zones | Toward a Conceptualization of Organizational Modularity",892ad7622adf_p0104 | 6f114a6d29d1_p0036 | cf2ee8097a06_p0050,0.0
Design frameworks,DF-C01,2,numeric_rule_failed_requires_review,provisional_pending_cluster_review,learning; activities; co-design,learning | activities | co-design | learning activities | feedback | online | participants | vulnerability | experiencing | interaction | experiencing vulnerability | online learning | learning designs | terminology | social,1e7ab64c6cf9 | 660ca24145b2,Commentary: Strength-based co-design that EMPOWERs – Lessons from codesigning with older adults | The E-Design Assessment Tool: an evidence-informed approach towards a consistent terminology for quantifying online distance learning activities,660ca24145b2_p0007 | 1e7ab64c6cf9_p0011,0.05263157894736842
Design frameworks,DF-C02,4,numeric_rule_failed_requires_review,provisional_pending_cluster_review,game; experience; player,game | experience | player | learning | service | dynamics | systemic | elements | AI | view | components | aspects | mechanics | entertainment | literature,e09769771b82 | 7afa6519f6fc | 268903a30da5 | 560be0c20de7,"The Experience, Dynamics and Artifacts Framework: Towards a Holistic Model for Designing Serious and Entertainment Games | The experience, dynamics and artifacts framework: towards a holistic model for designing serious and entertainment games | Systematic Review of Systemic Design Frameworks for Complex Challenges | Designing for Trust, Progress, and Dignity: A Conceptual Framework for Reliability, Responsiveness, and Relational Quality in AI-Enabled Service Systems",7afa6519f6fc_p0028 | e09769771b82_p0028 | 268903a30da5_p0004,0.05263157894736842
Design knowledge,DK-C01,23,numeric_rule_failed_requires_review,provisional_pending_cluster_review,HCI; practice; patterns,HCI | practice | patterns | designers | principles | students | social | context | guidelines | heuristics | user | health | form | human | AI,03adadfa0ad4 | 00e42ae113b8 | af4a4237d98a | 9d158233f041 | e8a17b6120e4,"Design Principles: Literature Review, Analysis, and Future Directions | Utilization of design principles for hybrid learning configurations by interprofessional design teams | Utilization of design principles for hybrid learning configurations by interprofessional design teams | Guidelines supporting the formulation of design principles | Designing as reflective conversation with the materials of a design situation",4effa8e553a8_p0019 | 9eda131748eb_p0064 | 6e7959c82d5f_p0031,0.05263157894736842
Design knowledge,DK-C02,37,numeric_rule_failed_requires_review,provisional_pending_cluster_review,data; ontology; development,data | ontology | development | digital | types | prescriptive | theory | game | designers | artifacts | researchers | case | abstract | platform | practice,5a716d80ac6b | 07eb3166d706 | 7b15d81000db | b256aafa902e | 95eee570b8f1,Towards a Method for Design Principle Development in Information Systems | A Typology of Knowledge Creation in Design Science Research Projects | The anatomy of a design theory | A Multi-Grounded Design Research Process | Accumulating design knowledge: A mechanisms-based approach,02381ea80183_p0055 | 77b350f029e7_p0073 | 73537bfbe719_p0007,0.05263157894736842
Design knowledge,DK-C03,8,numeric_rule_failed_requires_review,provisional_pending_cluster_review,product; management; development,product | management | development | causal | industrial | prototyping | product development | dimensions | reuse | engineering | near-field | designer | context | practice | following,6b9f020cd024 | 2a3139d14895 | cc5e9fe45cc6 | f6ba28a6efeb | 76d309f713b9,Design knowledge for decision-making process in a DFX product design approach | What is design knowledge from the viewpoint of CPM/PDD? | A study of practice based design research models from knowledge integration perspective | ON the HIERARCHICAL LEVELS of DESIGN KNOWLEDGE | How industrial design knowledge differs from engineering design knowledge,114973fd100e_p0010 | a883ec94b37a_p0004 | 6b9f020cd024_p0007,0.05263157894736842
Design methods,DM-C01,17,numeric_rule_failed_requires_review,provisional_pending_cluster_review,value; users; designers,value | users | designers | practice | context | engineering | concepts | need | development | embodied | systemic | interaction | innovative | evaluation | implications,60c69d24c5a3 | 40a2d86cd488 | 5389fb1cc38b | f16832406221 | 878cf959ac53,Evaluating the efficacy and effectiveness of design methods: A systematic review and assessment framework | Elements of a design method - a basis for describing and evaluating design methods | Elements of a design method – a basis for describing and evaluating design methods | A Framework for Systemic Design | Designerly Research Methods and Researcherly Design Methods,dbf31702e533_p0003 | 1416cd2b88de_p0029 | f02904f836be_p0056,0.05263157894736842
Design methods,DM-C02,4,numeric_rule_failed_requires_review,provisional_pending_cluster_review,autobiographical; role-playing; interactive,autobiographical | role-playing | interactive | designers | techniques | building | conventions | game | HCI | improvisation | group | performance | user | autonomous | constraints,1c04ffa25528 | 714b3f6f8ac7 | 5ba50396ff25 | 7ebbe03ea0d8,The implications of improvisational acting and role-playing on design methodologies | Degrees of Interaction: Towards a Classification | What is a Convention in Interactive Narrative Design? | Autobiographical design in HCI research: designing and learning through use-it-yourself,1c04ffa25528_p0054 | 714b3f6f8ac7_p0009 | 7ebbe03ea0d8_p0003,0.05263157894736842
Design methods,DM-C03,6,numeric_rule_failed_requires_review,provisional_pending_cluster_review,business; theory; complexity,business | theory | complexity | design theory | components | variations | base | robust | floorplan | development | community | housing | parts | tools | methodology,ac2f5510db32 | 885a1eee70e3 | 94347a49c12b | 95c2b3d44aff | 799b06403189,"Beyond geometric complexity: a critical review of complexity theory and how it relates to architecture engineering and construction | The Design of Business Models: What, How and Why | Using System Dynamics to Construct Design Theory for Community Information Systems | Multiple forms of applications and impacts of a design theory -ten years of industrial applications of C-K theory | State of the Art on Robust Design Methods for Additive Manufacturing",94347a49c12b_p0033 | 95c2b3d44aff_p0006 | ac2f5510db32_p0013,0.05263157894736842
Design principles,DPRI-C01,10,numeric_rule_failed_requires_review,provisional_pending_cluster_review,data; analysis; user,data | analysis | user | heuristics | mesh | data mesh | literature | data analysis | frame | HCI | example | engineering | obligations | transparency | domain,01467836cecf | 93bb03ac03b6 | 2ba0daf07e8e | 44848ca19e31 | 1445730be68b,"Design principles for human-computer interfaces | Design principles for data analysis | Engineering design principles as patterns of relationships in frame creation | Design Obligations for Software, with Examples from Data Abstraction and Adaptive Systems | A problem-based approach to the advancement of heuristics for socio-technical evaluation",93bb03ac03b6_p0009 | 96dd29c8f345_p0113 | 1445730be68b_p0031,0.0
Design principles,DPRI-C02,5,numeric_rule_failed_requires_review,provisional_pending_cluster_review,learning; identity; games,learning | identity | games | artificial | learners | evaluation | player | technology | help | group | personalisation | agents | education | designers | support,fee96194a322 | 42c66c187222 | d0a936b480d4 | 2280b868ea5f | 0b35e34543e2,Personalising learning: towards a coherent learning design framework | Toward an effective approach to collaboration education: A taxonomy for game design | Acquiring educational access for neurodiverse learners through multisensory design principles | Form and Function: Toward a Better Understanding of Design-Based Games | Designing Artificial Identity: The Identity Design Framework and Research Agenda,0b35e34543e2_p0025 | fee96194a322_p0004 | d0a936b480d4_p0017,0.0
Design rationale,DRAT-C01,12,numeric_rule_failed_requires_review,provisional_pending_cluster_review,designers; capture; communication,designers | capture | communication | representation | language | support | argumentation | claims | decisions | quality | structure | advice | patterns | reasoning | context,4c8bdfbd1309 | 0050f73e4373 | 40034332988c | 7a42dd52852e | 4567075d70b4,Integrating different perspectives on design rationale: supporting the emergence of design rationale from design communication | Integrating different perspective on design rationale: Supporting the emergence of design rationale from design communication | Redesigning the rationale for design rationale | What's in design rationale? | Making Argumentation Serve Design,edde6dc75b19_p0074 | 12568f76ff90_p0034 | 40034332988c_p0025,0.1111111111111111
Design rationale,DRAT-C02,2,numeric_rule_failed_requires_review,provisional_pending_cluster_review,documentation; software; tools,documentation | software | tools | learning | level | decisions | situation | activity | support | user | screen | inheritance | engineering | base | experiences,d5d39efbe945 | 4ac74ce3f335,Method rationale in method engineering | Towards a framework for documentation design: an abstract model of computer-mediated activity,4ac74ce3f335_p0003 | d5d39efbe945_p0019,0.1111111111111111
Design theory,DT-C01,17,frozen_prior_pilot,frozen,product; cognitive; impact,product | cognitive | impact | load | cognitive load | human | technology | science | understanding | designers | function | conceptual | engineering | methodology | theoretical,4025e28730c1 | 02f3ae017acb | ceac90427122 | d250dc6eb9d9 | 141f85abba0a,Conceptual foundations of design problem solving | Design Theory and Method of Complex Products: A Review | Design-oriented human-computer interaction | Systems Thinking and Design Thinking: The Search for Principles in the World We Are Making | How to Define Design in Industrial Control and Automation Software,363ca9685308_p0007 | 232abf4e9e91_p0003 | 0e02199ea150_p0040,0.05263157894736842
Design theory,DT-C02,23,frozen_prior_pilot,frozen,theoretical; practice; sonification,theoretical | practice | sonification | type | value | kernel | science | example | development | artifact | definition | understanding | constructs | space | structure,c2c57ac5453e | fd05a25a5e94 | 83d1ebe7d6c0 | 4db508a9681a | f56243f52335,"Theory construction in design research. Criteria, approaches, and methods. | Four Criteria for Design Theories | Design Theory in Information Systems | Philosophy of design: A meta-theoretical structure for design theory | Theory construction in design research Criteria: Approaches, and methods",50c94f5857d8_p0039 | 5b3b013c191d_p0004 | 1728dd2afe4b_p0035,0.17647058823529413
Design theory,DT-C03,18,frozen_prior_pilot,frozen,management; service; learning,management | service | learning | social | support | theoretical | development | literature | evaluation | practice | analysis | gregor | practitioners | empirical | digital,c0372ed4d123 | c9175ef9ebfe | 43fee329f83e | 67d72b35ce6b | 288676f720a1,Web-based information systems: Developing a design theory | Management design theories | Process design theory for digital information services | A nascent design theory for explainable intelligent systems | A design theory for digital platforms supporting online communities: a multiple case study,0ecb6c9b7eeb_p0042 | 92fd41483399_p0027 | 9049c4d2bbec_p0020,0.17647058823529413
