paper_id,title,ward_k2,average_cosine_k2,kmeans_k2,spectral_knn10_k2,spectral_knn15_k2,ward_k3,average_cosine_k3,kmeans_k3,spectral_knn10_k3,spectral_knn15_k3,ward_k4,average_cosine_k4,kmeans_k4,spectral_knn10_k4,spectral_knn15_k4,raw_hdbscan_mcs5_ms3
00781ed0e844,Cognitive Point of View in Recursive Design,0,0,0,0,0,0,0,0,0,0,0,0,0,0,0,-1
02f3ae017acb,Design Theory and Method of Complex Products: A Review,0,0,1,0,0,0,0,0,0,0,0,0,1,1,1,-1
03fd54829f02,Digisprudence: the design of legitimate code,0,0,1,0,0,1,0,0,1,1,1,0,1,2,2,-1
056ae4e01610,Beyond the old game design: a new design paradigm in Game Studies through C-K Theory,0,0,1,0,0,1,0,1,1,1,1,0,1,2,0,-1
0bca44c18d6c,"Tinkering, tailoring, and bricolage: Implications for theories of Design",0,0,1,0,0,1,0,1,1,1,1,0,1,2,2,-1
0e02199ea150,The Inspiration of Design Affairology to Hcd in Post Humanism Era,0,0,1,0,0,0,0,1,0,0,0,0,0,1,0,-1
0ecb6c9b7eeb,Pluralism in Knowledge Management: a Review,1,0,0,1,1,2,1,0,2,2,2,1,0,0,3,-1
103eb1a8586b,Incommensurability and multi-paradigm grounding in design science research: Implications for creating knowledge,0,0,1,0,0,1,0,1,1,1,1,0,1,2,2,-1
141f85abba0a,How to Define Design in Industrial Control and Automation Software,0,0,1,0,0,0,0,0,0,0,0,0,1,1,1,-1
1728dd2afe4b,Design theory in practice ‚Äì Making design science research more transparent,0,0,1,0,0,1,0,1,1,1,1,0,1,2,2,-1
1e8f1494fc78,Collaboration Engineering Methodology: Horizontal Extension to Accommodate Project and Program Concerns,1,0,0,1,1,2,0,0,2,2,2,0,2,3,3,-1
20f56bbbd10c,2. Interstitial Design Processes: How Design Thinking and Social Design Processes Bridge Theory and Practice in TPC Pedagogy,1,0,0,0,0,2,0,0,2,0,2,0,0,2,0,-1
232abf4e9e91,The Conceptual Design of Mechanical Products,0,0,1,1,1,0,0,0,0,0,0,0,2,1,1,-1
288676f720a1,A design theory for digital platforms supporting online communities: a multiple case study,0,0,1,1,1,1,0,0,2,2,1,0,2,3,3,-1
2c8a6e74557f,"The tacit knowledge of entrepreneurial design: Interrelating theory, practice and prescription in entrepreneurship research",0,0,0,0,0,0,0,0,1,1,0,0,2,2,0,-1
2faef10b819d,A design theory for software engineering,0,0,1,0,0,1,0,1,2,1,1,0,1,3,2,-1
363ca9685308,Cognitive Architecture and Instructional Design: 20 Years Later,1,0,0,0,1,2,0,0,0,2,2,0,0,0,0,-1
3f7b5dc9fc40,Concerning the Epistemology of Design: The Role of the Eco-Cognitive Model of Abduction in Pragmatism,0,0,1,0,0,0,0,1,0,0,0,0,0,2,0,-1
4025e28730c1,Conceptual foundations of design problem solving,0,0,1,0,0,0,0,1,0,0,0,0,1,2,2,-1
41443180c5b4,"Service Ecosystem Design: Propositions, Process Model, and Future Research Agenda",1,0,0,1,1,2,0,0,2,0,2,0,0,3,3,-1
43fee329f83e,Process design theory for digital information services,0,0,0,1,1,1,0,0,2,2,1,0,2,3,3,-1
4db508a9681a,Philosophy of design: A meta-theoretical structure for design theory,0,0,1,0,0,1,0,1,1,1,1,0,1,2,2,-1
50c94f5857d8,Eight Components of a Design Theory of Sonification,0,0,1,0,0,1,0,2,1,1,3,0,3,2,2,-1
5a973fb8ae6f,ICT-Enabled Self-Management of Chronic Diseases: Literature Review and Analysis Using Value-Sensitive Design,1,0,0,1,1,2,0,0,2,2,2,0,2,3,3,-1
5b3b013c191d,Towards a unified terminology for sonification and visualization,0,0,1,0,0,1,0,2,1,1,3,0,3,2,1,-1
5b52ec143fa6,The ECC Methodology for Architecture Design Theory and Practices Research,0,0,1,0,0,0,0,1,0,0,0,0,2,2,0,-1
5ffd963397c9,THEORY OF TECHNICAL SYSTEMS - PREREQUISITE TO DESIGN THEORY.,0,0,1,0,0,1,0,1,1,1,1,0,1,2,2,-1
6194ef223969,A typology of Urban Design theories and its application to the shared body of knowledge,0,0,1,0,0,1,0,1,1,1,1,0,1,2,2,-1
66d4b9b36f31,"SHEAFIFICATION AS A DESIGN TECHNIQUE FOR CREATIVE PRESERVATION ‚Äì PRINCIPLES, ILLUSTRATIONS, AND FIRST APPLICATIONS",0,0,1,0,0,1,0,1,1,1,3,0,3,2,1,-1
67d72b35ce6b,A nascent design theory for explainable intelligent systems,0,0,1,1,1,1,0,0,2,2,1,0,2,3,3,-1
79d31b954d2a,THE LOGICS OF DOUBLE PROOF IN PROOF OF CONCEPT: A DESIGN THEORY-BASED MODEL OF EXPERIMENTATION IN THE UNKNOWN,0,0,1,0,0,1,0,1,1,1,1,0,1,2,2,-1
804431d6f285,Concepts and definitions for product recovery: Analysis and clarification of the terminology used in academia and industry,0,0,0,0,0,0,0,0,0,0,0,2,1,1,1,-1
8107b8d7a099,Analyzing Initial Design Theory Components for Developing Information Security Laboratories,0,0,1,1,1,1,0,0,2,2,1,0,2,3,3,-1
83d1ebe7d6c0,Design Theory in Information Systems,0,0,1,0,0,1,0,1,1,1,1,0,1,2,2,-1
85c3a6761bcc,Designing Process Guidance Systems,0,0,0,1,1,1,0,0,2,2,1,0,2,3,3,-1
9049c4d2bbec,Towards a design theory of blended learning curriculum,1,0,0,1,1,2,0,0,2,2,2,0,0,0,0,-1
91ac41f73380,Knowing the Unknowable: Understanding and Measuring Design Impact Across Disciplines and Scale,0,0,0,0,0,0,0,0,0,0,0,0,0,1,0,-1
92fd41483399,Design exemplars for synchronous e-learning: A design theory approach,1,0,0,1,1,2,0,0,2,2,2,0,2,0,3,-1
9f9f7295ec8c,Affordance based design: a relational theory for design,0,0,1,0,0,0,0,1,0,0,0,0,1,1,1,-1
a1a2a51ae22e,Incommensurability in design science: Which comes first-Theory or artefact?,0,0,1,0,0,1,0,1,1,1,1,0,1,2,2,-1
a21900f84443,Undesigning technology: considering the negation of design by design,0,0,1,0,0,0,0,0,0,0,0,0,1,1,1,-1
af66a447ca7c,Digital Panopticon: How Remote Work Monitoring Shapes Employee Behavior and Motivation,1,1,0,1,1,2,2,0,2,2,2,3,0,0,3,-1
b21a9b4cc5ef,C-K design theory: an advanced formulation,0,0,1,0,0,1,0,1,1,1,1,0,1,2,2,-1
bacdc4f76eea,Work system principles: towards a justified design theory on the grounds of socio-instrumental pragmatism,0,0,1,0,0,1,0,0,1,1,1,0,0,2,2,-1
beaf258777e6,What is the value of design theory?,0,0,1,0,0,1,0,1,1,1,1,0,1,2,2,-1
c0372ed4d123,Web-based information systems: Developing a design theory,0,0,1,1,1,1,0,0,2,2,1,0,2,3,3,-1
c2c57ac5453e,"Theory construction in design research. Criteria, approaches, and methods.",0,0,1,0,0,1,0,1,1,1,1,0,1,2,2,-1
c3005cf4cf75,Design as interactions of problem framing and problem solving,0,0,1,0,0,0,0,1,0,0,0,0,1,1,1,-1
c9175ef9ebfe,Management design theories,0,0,1,0,0,1,0,0,2,0,1,0,1,2,2,-1
ceac90427122,Design-oriented human-computer interaction,0,0,1,0,0,0,0,0,0,0,0,0,0,1,0,-1
d19f5f66d2ba,A Survey of Definition and its Role in Strengthening Design Theory,0,0,1,0,0,1,0,1,1,1,1,0,1,2,2,-1
d250dc6eb9d9,Systems Thinking and Design Thinking: The Search for Principles in the World We Are Making,0,0,1,0,0,0,0,1,0,0,0,0,0,0,0,-1
d2fba2826d90,Design Principles for Platform-Enabled Knowledge Commons with an Expository Instantiation,0,0,0,1,1,1,0,0,2,2,1,0,2,3,3,-1
dc61c8a1dcd6,Multiscale Design Strategies in a Landscape Architecture Classroom,1,0,0,0,0,2,0,0,0,0,2,0,0,0,0,-1
e47202a23273,Toward a design theory of strategic enterprise management business intelligence (SEMBI) capability maturity model,1,0,0,1,1,2,0,0,2,2,2,0,2,3,3,-1
ec380d04cf61,GENERAL DESIGN THEORY.,0,0,1,0,0,1,0,1,1,1,1,0,1,2,2,-1
f56243f52335,"Theory construction in design research Criteria: Approaches, and methods",0,0,1,0,0,1,0,1,1,1,1,0,1,2,2,-1
fd05a25a5e94,Four Criteria for Design Theories,0,0,1,0,0,1,0,1,1,1,1,0,1,2,2,-1
