paper_id,keyword,title,abstract,budget,selected_count,passage_ids,subdocument,canonical_text_path,authors,year,venue,doi,url,cluster_id,cluster,cluster_theme_terms,cluster_label_candidate,distinguishing_evidence_terms,cluster_summary_candidate,design_knowledge_form,contribution_type,contribution_type_support,contribution_type_definition,primary_application_domain,application_domain_support,application_domain_definitions,facet_population_or_context,facet_stakeholder_or_population,facet_method_or_lens,facet_artifact_or_domain,facet_contribution_or_outcome,theory_move_key,lda_topic,lda_topic_probability,lda_topic_words,hdbscan_peripheral,discussion_found,discussion_paragraph_count,discussion_summary,discussion_excerpt,umap_x,umap_y,distance_to_centroid,representative_rank,medoid_rank,is_representative_top3,nearest_papers
1e7ab64c6cf9,Design frameworks,Commentary: Strength-based co-design that EMPOWERs – Lessons from codesigning with older adults,"Purpose This study aims to address the existing gap in co-design frameworks by introducing the EMPOWER framework, a strength-based co-design methodological approach specifically designed to tackle the key empowerment challenges associated with co-designing alongside individuals experiencing vulnerability. The purpose of this study is to provide a set of easy-to-remember empowering guidelines to enhance the co-design process. Design/methodology/approach EMPOWER is based on lessons from the field, through five years of working with older adults. Findings The framework includes seven guidelines to overcome common challenges in co-design research. The acronym EMPOWER refers to guidelines for extending, multiplying, publicising, outsourcing, widening, enabling and reflecting on co-design research. Research limitations/implications Although extendable to other experiences of vulnerability, the examples provided focus on the experiences of ageing consumers. Practical implications EMPOWER has direct relevance to practitioners wishing not only to work with consumers experiencing vulnerabilities but also to empower these consumers through purposeful research actions. Social implications Although drawing on co-design research with older adults, these guidelines can be applied to empower other groups experiencing vulnerability. Originality/value There is a relative lack of guidelines on how to strengthen the co-design process in a way that empowers consumers experiencing vulnerability. To address this, this paper offers a framework and some grounded examples contributing to the current knowledge of co-design in marketing.",12,12,1e7ab64c6cf9_p0001;1e7ab64c6cf9_p0004;1e7ab64c6cf9_p0006;1e7ab64c6cf9_p0011;1e7ab64c6cf9_p0012;1e7ab64c6cf9_p0015;1e7ab64c6cf9_p0017;1e7ab64c6cf9_p0018;1e7ab64c6cf9_p0024;1e7ab64c6cf9_p0025;1e7ab64c6cf9_p0036;1e7ab64c6cf9_p0042,"Commentary: Strength-based co-design that EMPOWERs – Lessons from codesigning with older adults Bernardo Figueiredo, Torgeir Aleti, Diane M. Martin and Mike Reid School of Economics Finance and Marketing, RMIT University, Melbourne, Australia Jacob Sheahan School of Design, College of Design and Social Context, RMIT University, Melbourne, Australia, and Larissa Hjorth School of Media and Communications, College of Design and Social Context, RMIT University, Melbourne, Australia

Co-design originated from co-operative research design approaches in Scandinavia in the 1970s and 80s when trade unions reacted against being omitted from the design process of technologies at work ( Bødker et al., 2000). In recent years, codesign has become widespread in social sciences and is quickly becoming an essential marketing methodology ( Hurley et al. , 2018). Papers on co-design started appearing in marketing journals with increasing frequency over the past 20 years. A Google Scholar search for articles mentioning “co-design” or “co-design” in “marketing” grew slowly from about ﬁve papers per year in the early 2000s, and about 50 papers per year in the late 2010s, to 907 papers in 2022. Part of the reason for this rapid growth in popularity comes from the discovery of the applicability of the method to address social marketing problems (Raciti et al., 2022; Rundle-Thiele, 2022).

The authors acknowledge the U3A Network Victoria and the City of Whittlesea for their participation in the project mentioned in the text. Funding: This project was funded by a grant from the Australian Communications Consumer Action Network (ACCAN). The operation of the Australian Communications Consumer Action Network is made possible by funding provided by the Commonwealth of Australia under section 593 of the Telecommunications Act 1997. This funding is recovered from charges on telecommunications carriers. Since acceptance of this article, the following authors have updated their afﬁliations: Jacob Sheahan is at the Institute for Design Informatics, University of Edinburgh and Diane M. Martin is at the Department of Marketing, National University of Ireland Galway, Galway, Ireland. Received 22 December 2022 Revised 1 June 2023

Although recent advances have been made regarding using a strength-based approach to understand customers experiencing vulnerability ( Fisk et al.,2 0 2 2; Raciti et al.,2 0 2 2), there is a paucity of guidelines regarding implementing the codesign process in a way that empowers customers experiencing vulnerability. Two strength-based co-design frameworks have recently emerged in social marketing: the SAIV process ( Raciti et al. ,2 0 2 2) and the 5R guidelines ( Russell-Bennett et al. , 2023). SAIV is a “strengths-based approach (SA) process for eliciting deep insights (I) from the tacit knowledge of people experiencing vulnerability (V) ” (Raciti et al. , 2022 , p. 1152). SAIV focuses on how social marketers should communicate with consumers experiencing vulnerability to obtain their tacit knowledge and help elaborate on their situational experience of vulnerability.

Similarly, the 5R framework is a set of introspection practices for social marketers employing a codesign process with consumers experiencing vulnerability to “(1) reframe the issue label; (2) relate to the client; (3) revise the language; (4) rewire the brain through re ﬂection; and (5) redesign methods” (Russell-Bennett et al., 2023, p. 173). In contrast to these research-process-based frameworks, we focus on identifying the empowerment-related challenges likely to occur in co-design and provide guidelines for addressing them. We offer the EMPOWER framework, which focuses on fostering a long-term relationship with key beneﬁciaries. Procedure and design Our insights for the EMPOWER framework, described below, are drawn from a ﬁve-year research program co-created with the University of Third Age (U3A) called Shaping Connections. With over 100 local chapters and over 40,000 members across Victoria, Australia, U3A offers a robust platform for older people to connect, learn and stay active.

Insights and lessons learned The following are our lessons from our research relationship with U3A over the last ﬁve years, with a particular focus on the ﬁnal two years of funded co-design research. Based on our insights and experiences, we developed the “co-design to EMPOWER” framework. This framework includes seven guidelines to overcome common challenges in co-design research. Although the guidelines follow in no particular order, we organised them around the acronym EMPOWER to make them easier to remember and, therefore, more practical. Extend Extending roles beneﬁciaries play in the planning and execution of the research is an essential part of empowerment. However, one of the challenges of co-designing with consumers experiencing vulnerability is that co-design research does not automatically guarantee participation ( Cole et al.,2 0 2 2).

As a result, we aligned our aims and responsibilities for the grant writing process. Another example was to always include two U3A members in our fortnightly research progress meetings. Strictly speaking, this was not critical to the research goals but demonstrated a commitment to equality in our relationship. Through this Benefit/Difficulty Explanation Reading Beneﬁt 1: Addressing social marketing problems By involving participants in the design process, researchers can gain insights into participant’s unique challenges, preferences and cultural considerations.

This will likely lead to more relevant, effective interventions that the target population will likely embrace Raciti et al. (2022), Rundle-Thiele (2022) Beneﬁt 2: Inclusion of the beneﬁciaries Co-design allows consumers experiencing vulnerability to be active participants in the research process, rather than being treated solely as subjects Sarmiento-Pelayo (2015), Evans and Terrey (2016); Fischer et al. (2020) Beneﬁt 3: Empowering those experiencing vulnerability Co-design helps involve participants in the research process, by giving them a voice and allowing them to contribute to decision-making Baker et al. (2005), Riedel et al. (2022); Russell-Bennett et al. (2023) Beneﬁt 4: Promoting contextualised and relevant solutions Co-design leverages the knowledge and lived experiences of the participants to develop contextually relevant solutions Steen et al. (2011); Cole et al. (2022) Beneﬁt 5: Increasing speed to market and users due to better quality of products, and higher satisfaction Co-design improves idea generation through shared knowledge generating better quality products, higher satisfaction of customers and increased loyalty Roser et al. (2009); Burkett (2012) Difﬁculty 1: Tokenistic participation Co-design might offer only limited opportunities for participation, perpetuating the social exclusion of beneﬁciaries Blomkamp (2018), Moll et al. (2020); Groot and Abma (2022) Difﬁculties 2: Stigmatisation from researchers Designers sometimes assume they know people experiencing vulnerability and overlook opportunities to engage heterogeneous participants and emerging differences Haslwanter and Fitzpatrick(2017); Moll et al. (2020) Difﬁculties 3: Results might not circle back to participants Beneﬁciaries often do not see the results of their own participation and do not feel empowered by the process Long et al. (2017), McElﬁsh et al. (2019) Difﬁculties 4: Power and knowledge imbalances Co-design research often requires participants to have speciﬁc skills or knowledge to actively engage in the process.

Publicise Research participants often want to receive results from studies in which they participate but do not typically receive these results ( Long et al. ,2 0 1 7; McElﬁsh et al. , 2019 ). Sometimes beneﬁciaries in co-design research may wait a long time to receive or bene ﬁt from research outcomes. When published, outcomes may appear in an academic journal, a format participants cannot easily access and/or comprehend. Sometimes participant voices are silenced or only represented indirectly. This is problematic because participants often work with researchers to provide visibility to their issues/interests – with a promise of moving their agenda forward. In co-design research, it is essential to address this challenge strategically and to build solutions into the design. Otherwise, long-term relationships will erode, as people lose interest due to not seeing the fruits of their labour.

To address this challenge, we purposely designed our research in several stages. We emphasised planning the ﬁrst stage in a way that would allow the direct publication of data featuring our participants. The purpose was to give voice to our participants and give visibility to their agenda. This was at the start of the covid-19 pandemic, and U3A needed its members to quickly upskill and join online classes instead of their previous classroom approach. Our design featured interviews with seniors about their perceptions of the risk involved with using ICT. As soon as the interviews were completed, we organised their perceptions of risk into categories and themes and published 22 short vignettes via YouTube on our website. Doing so required additional consent from participants, one for human subject research and one for media release. Once the vignettes were available, we supplied a direct link to all participants.

Co-designing with consumers experiencing vulnerability usually requires additional resources to support contributions. The ﬁrst step is to ensure that adequate resources are available. The next, equally important, step is to ensure that the resources are allocated where needed and that the participants have the necessary training to deploy them. Thus, focusing on enabling participants to contribute can empower them despite any vulnerability they may experience. Reﬂect When co-designing research, things will always go “wrong” ( Yip et al. ,2 0 1 6). Researchers cannot foresee and plan every stage of the research process, and researchers and participants need to continuously adapt to and learn to work towards a shared, new understanding. Addressing this challenge means building a research design that includes moments of re ﬂection and opportunities for changing direction.

The EMPOWER framework offers a set of easy-to-remember guidelines for ensuring that co-design is conducted using a strength-based approach in which the interests of the codesigning participants are considered at every step of the process. EMPOWER is based on lessons learned in the ﬁeld through ﬁve years of working with older adults. These guidelines are not context-speci ﬁc and, as such, can be applicable to other groups experiencing vulnerability.",outputs/batch1/canonical_text_284/1e7ab64c6cf9.txt,Bernardo Figueiredo; T. Aleti; Diane M. Martin; Mike Reid; Jacob Sheahan; Larissa Hjorth,2023,Journal of Services Marketing,,https://www.semanticscholar.org/paper/66872f88e4301696a2c140413d0072fc0e04dd88,DF-C01,0,learning | activities | co-design | learning activities | feedback | online | participants | vulnerability | experiencing | interaction | experiencing vulnerability | online learning | learning designs | terminology | social,"Design frameworks — Learning, activities & co-design [DF-C01]",learning | activities | co-design | learning activities | feedback | online | participants | vulnerability | experiencing | interaction | experiencing vulnerability | online learning | learning designs | terminology | social,"Within the predefined Design frameworks group, DF-C01 is statistically distinguished by learning, activities, co-design. Additional contrastive terms include learning activities, feedback, online, participants, vulnerability. Representative papers include Commentary: Strength-based co-design that EMPOWERs – Lessons from codesigning with older adults; The E-Design Assessment Tool: an evidence-informed approach towards a consistent terminology for quantifying online distance learning activities. This is an analysis-frozen statistical interpretation, not a final editorial topic label.",Design frameworks,Statistical bottom-up interpretation,Analysis frozen; confirmation by at least two reviewers pending,Contrastive cluster explanation using adapted class-based TF-IDF; not a predefined codebook classification.,Not assigned by Path 1,Not evaluated in this statistical interpretation,Not applicable,Predefined keyword group,Not assigned,BGE-M3 embedding + Spectral clustering,Not assigned,Adapted class-based TF-IDF interpretation,not_applicable,-1,0.0,learning | activities | co-design | learning activities | feedback | online | participants | vulnerability | experiencing | interaction | experiencing vulnerability | online learning | learning designs | terminology | social,False,False,0,,,7.1110296,15.380787,0.06885755062103271,1,1,True,"[{'paper_id': '268903a30da5', 'title': 'Systematic Review of Systemic Design Frameworks for Complex Challenges', 'cluster': 1, 'distance': 0.24858349561691284}, {'paper_id': '660ca24145b2', 'title': 'The E-Design Assessment Tool: an evidence-informed approach towards a consistent terminology for quantifying online distance learning activities', 'cluster': 0, 'distance': 0.2659475803375244}, {'paper_id': '560be0c20de7', 'title': 'Designing for Trust, Progress, and Dignity: A Conceptual Framework for Reliability, Responsiveness, and Relational Quality in AI-Enabled Service Systems', 'cluster': 1, 'distance': 0.2995188236236572}, {'paper_id': 'e09769771b82', 'title': 'The Experience, Dynamics and Artifacts Framework: Towards a Holistic Model for Designing Serious and Entertainment Games', 'cluster': 1, 'distance': 0.3026297688484192}, {'paper_id': '7afa6519f6fc', 'title': 'The experience, dynamics and artifacts framework: towards a holistic model for designing serious and entertainment games', 'cluster': 1, 'distance': 0.3093562126159668}]"
268903a30da5,Design frameworks,Systematic Review of Systemic Design Frameworks for Complex Challenges,"Systemic design has been noted as a promising scaffold to approach the emerging challenges faced by designers in understanding the dynamic and interconnected problems that define contemporary reality. The field can briefly be described as an attempt to integrate systems and design thinking with complexity and solution-oriented methods. While a range of literature on systemic design is available, its defining framework remains elusive and further development is needed to understand and investigate its viability. This article employs a systematic qualitative literature review in order to explore and synthesise existing systemic design mindsets, processes, and methods. The synthesis of frameworks acts to provide greater insight into the orchestration of applying systemic design to complex problems. It concludes by identifying potential challenges and limitations within the field. In particular, a limited investigation of consumer behaviour is present, with more focus given to material and production throughput.",12,12,268903a30da5_p0004;268903a30da5_p0007;268903a30da5_p0009;268903a30da5_p0010;268903a30da5_p0011;268903a30da5_p0013;268903a30da5_p0015;268903a30da5_p0020;268903a30da5_p0021;268903a30da5_p0035;268903a30da5_p0037;268903a30da5_p0039,"In saying this, the field of systemic design is still young and is constantly adapting. Due to the wide range of approaches associated with systems thinking, the literature surrounding systemic design is complex and multifaced (Battistoni et al., 2016, p. 885). This review aims to map and make sense of current systemic design frameworks in order to identify key mindsets, processes and methods. It is not a direct response to a specific set of principles, but rather aspires to create a holistic view of the cu rrent situation, highlight trends, illuminate

The terms selected were tested by conducting an initial search acros s multiple databases, after a period of trial and error, the following search terms were deemed most effective: (“systemic design”) AND (“framework” OR “model” OR “principles” OR “methods”). Resources were identified by searching two prominent databases —Google Scholar and Web of Science. To refine the Google Scholar results the search was restricted to the title field, while the Web of Science search included the topic. A timeframe of 2000 –2020 was used to consolidate the search efforts. The title, abstract and keywords were screened to determine if a publication was relevant to the guiding research questions. The selected publications were then read in full, and the quality assessment checklist was used to determine if they should be included in the systematic literature review.

Systemic design research has seen a steady increase in publications since 2009 with an emerging focus on sense -making practices using visualisations. Two of the most notable and developed theories have formed in Italy and between Canada and Norway. In 2018 these major schools of thought were brought together with the formation of the Systemic Design Association (SDA). To verify the extent of influence the two frameworks have had on each

other and in relation to other countries, is important to visualise the dynamics of systemic design frameworks on a global scale. Thus, the author’s country of residence, where the journals were published, and which papers are connected via references were analysed to build a landscape of the current body of work. As shown in Figure 1, little cross -pollination between the two major philosophies has occurred. Of the 19 Italian papers in the review, only

Norwegian connections to Italian work have remained absent, and sources from other countries reference either Italian papers or Canadian and Norwegian papers—but rarely both. systematic review and visually connect the papers that reference each other. To get a clearer view of the design aids that have had the most influence on the field of systemic design, Table 1 provides a summary of the papers with the most citations, their topic and the date they were published. They have been grouped by their topic and then arranged from most cited to least. Many of the design aids are in the form of literature reviews, which, in some instances, are supported by case studies. Topic Application Area Reference Cited Location Framework General complexity Stolterman and Nelson (2012) 1318 USA General complexity Jones (2014b) 164 Canada General complexity Ryan (2014) 35 Canada Sustainable production Bistagnino (2011) 22 Italy Policymaking Barbero (2017b) 14 Italy General complexity Zivkovic (2018) 9 Australia Healthcare Jones (2013) 4 Canada Sustainable production Battistoni and Barbero (2017) 3 Italy Sustainable entrepreneurship Battistoni and Barbero (2019) 3 Italy Sustainable production Battistoni et al. (2019) 3 Italy

The majority of frameworks exist within the academic arena and are taught in universities, including the Master of Science in Systemic Design at Politecnico di Torino (Italy), the Master of Design in Strategic Foresight and Innovation at OCAD University (C anada), and the Master of Systems Oriented Design at the Oslo School of Architecture and Design (Norway) (Barbero, 2018). Part of the reason systemic design is so prominent in the realm of academia may be due to the complexity of the field, along with the fact that the discipline is still young and evolving. Consequently, many frameworks have generally been confined to the classroom, with a limited number of real -world applications beyond the domain of design education. An exception to this is the methodology developed at Politecnico di Torino in Italy, which is supported by a plethora of case studies and real -world projects.

Considering the variety of application areas that systemic design can be used to address, along with its inclusive a0nd wide -ranging nature, it is unsurprising that the field is being researched across multiple disciplines, as seen in Figure 3. As expected , most of the publications came from the field of Design (56%), followed by Business and Economics (10%) Environmental Sciences (8%) and Systems Sciences (8%). The results indicate that while systemic design has a strong foundation in Design, other discipl ines are also beginning to acknowledge its relevance.0 While frameworks outside of scholarly literature exist, they exhibit a lack of referencing, making it difficult to determine the origin of the information. In addition, there are a variety of terms associated with the field that exist both in and out of ac ademia (systems-led design, systems-oriented design, whole systems design, and system thinking for design).

They provide guidance and a foundation that supports human -centred design for complex, multi-stakeholder systems (Jones, 2014b). Systemic design processes The systemic design process assists in applying methods in a sequential order from the initial stages of a project, through to completion. The processes revealed in the literature vary slightly in their order and terminology, but in general, follow a gener ic design thinking process. Van Patter and Paster (2016) have mapped over 80 innovation processes across various disciplines and found that four stages are applicable across all innovation frameworks:

3. Optimisatio0n and planning, 4. Evaluation and measurement. Each of these phases can be found in the systemic design frameworks that were extracted from the systematic review. A summary of these processes and their source can be seen in Table 2. In total, seven frameworks were collated and documented in chronological order, from the oldest to the most recent. Where the same process was used in different papers, only the most recent publication has been presented. The approach documented by researchers Battistoni, Giraldo and Barbero (2019) is of particular interest, as it is not only the most current framework, but has also been developed and tested over the pa st sixteen years at Politecnico di Torino. Furthermore, the framework draws strong parallels with the methodology developed by Alex Ryan (2014). The basic structure of these frameworks has been summarised into six main steps: (1) Inquiry, (2) Identificatio n of leverage points, (3) Designing the system, (4) Analysis, (5) Implementation, and (6) Feedback.

Moving forward, the integration of indigenous and local knowledge into systemic design should be prioritised. As poin ted out by Arturo Escobar (2018) contexts like Latin America, “a land with an intense historical dialectic of commonality and diversity, might be offering to the rest of the world particularly valuable elements for the pensamiento para la transición (the thought for the transition)” (p. 167).

What this review revealed was that current systemic design frameworks aim to integrate design and systems thinking methods in order to expose hidden relationships within a system, facilitate collaboration among stakeholders and identify opportunities for t ransition. A

Moreover, deeper insight into sustainable consumption transitions and the initiation of grassroot initiatives needs to be incorporated into systemic design approaches. This could involve exploring industry incentives and government policy for transparen t production models that prioritise ecosystem preservation and human well -being. Finally, in relation to the existing systemic design philosophy, different knowledge systems, localities and psychologies are required to activate more inclusive interpretations of system dynamics.",outputs/batch1/canonical_text_284/268903a30da5.txt,Skye Smith; Eleni Kalantidou,2025,Strategic Design Research Journal,,https://www.semanticscholar.org/paper/0ad5afc83d67ef0110cda1d9f605336b53447b1a,DF-C02,1,game | experience | player | learning | service | dynamics | systemic | elements | AI | view | components | aspects | mechanics | entertainment | literature,"Design frameworks — Game, experience & player [DF-C02]",game | experience | player | learning | service | dynamics | systemic | elements | AI | view | components | aspects | mechanics | entertainment | literature,"Within the predefined Design frameworks group, DF-C02 is statistically distinguished by game, experience, player. Additional contrastive terms include learning, service, dynamics, systemic, elements. Representative papers include The Experience, Dynamics and Artifacts Framework: Towards a Holistic Model for Designing Serious and Entertainment Games; The experience, dynamics and artifacts framework: towards a holistic model for designing serious and entertainment games. This is an analysis-frozen statistical interpretation, not a final editorial topic label.",Design frameworks,Statistical bottom-up interpretation,Analysis frozen; confirmation by at least two reviewers pending,Contrastive cluster explanation using adapted class-based TF-IDF; not a predefined codebook classification.,Not assigned by Path 1,Not evaluated in this statistical interpretation,Not applicable,Predefined keyword group,Not assigned,BGE-M3 embedding + Spectral clustering,Not assigned,Adapted class-based TF-IDF interpretation,not_applicable,-1,0.0,game | experience | player | learning | service | dynamics | systemic | elements | AI | view | components | aspects | mechanics | entertainment | literature,False,False,0,,,7.463107,16.33389,0.10713851451873779,3,3,True,"[{'paper_id': 'e09769771b82', 'title': 'The Experience, Dynamics and Artifacts Framework: Towards a Holistic Model for Designing Serious and Entertainment Games', 'cluster': 1, 'distance': 0.22954034805297852}, {'paper_id': '7afa6519f6fc', 'title': 'The experience, dynamics and artifacts framework: towards a holistic model for designing serious and entertainment games', 'cluster': 1, 'distance': 0.23451769351959229}, {'paper_id': '1e7ab64c6cf9', 'title': 'Commentary: Strength-based co-design that EMPOWERs – Lessons from codesigning with older adults', 'cluster': 0, 'distance': 0.24858349561691284}, {'paper_id': '560be0c20de7', 'title': 'Designing for Trust, Progress, and Dignity: A Conceptual Framework for Reliability, Responsiveness, and Relational Quality in AI-Enabled Service Systems', 'cluster': 1, 'distance': 0.26155298948287964}, {'paper_id': '660ca24145b2', 'title': 'The E-Design Assessment Tool: an evidence-informed approach towards a consistent terminology for quantifying online distance learning activities', 'cluster': 0, 'distance': 0.26784205436706543}]"
560be0c20de7,Design frameworks,"Designing for Trust, Progress, and Dignity: A Conceptual Framework for Reliability, Responsiveness, and Relational Quality in AI-Enabled Service Systems","AI is now embedded in frontline service at scale, yet the design frameworks managers reach for were built around human agents and do not translate cleanly to systems that generate rather than retrieve, that automate rather than augment. This paper argues that three design challenges sit at the heart of the problem, though they are rarely treated as a connected set. Generative AI can produce fluent, confident outputs that are simply wrong, which is a qualitatively different kind of reliability failure from anything SERVQUAL was designed to address. AI can reply instantly while leaving the customer no closer to resolution, exposing a gap between speed and what we might call felt responsiveness. And it faces an awkward relational tension. Overclaiming warmth triggers distrust, yet there are genuine service contexts in which the non-human nature of the system is a feature rather than a liability. The RRR Design Framework developed here extends established service quality dimensions to the AI context, organising fifteen prescriptive design principles around reliability, responsiveness, and relational quality, each reconceptualised for AI-mediated service. The principles follow a prevent-and-recover logic within each dimension and are tied together by a single strategic proposition, which is to automate to protect relationships. Four empirically testable propositions are derived from the framework, each operationalised with measurable constructs, moderating conditions, and falsifiable null cases. The framework is most applicable to hybrid human-AI frontline systems where customers are actively working toward a resolution.",12,12,560be0c20de7_p0006;560be0c20de7_p0007;560be0c20de7_p0009;560be0c20de7_p0036;560be0c20de7_p0038;560be0c20de7_p0039;560be0c20de7_p0055;560be0c20de7_p0063;560be0c20de7_p0066;560be0c20de7_p0070;560be0c20de7_p0077;560be0c20de7_p0079,"Three design challenges sit at the core of the problem. They are worth naming as a set precisely because they are not the same challenge wearing different clothes. First, AI outputs can be fluent and wrong simultaneously, a combination that older service quality frameworks had no reason to anticipate. Hannigan et al. [ 4] call this botshit, content that sounds plausible, reads smoothly, and happens to be fabricated. Second, AI can respond instantly while producing no actual progress for the customer. Speed and responsiveness turn out to measure different things. Third, and in some ways the most awkward, overclaiming emotional understanding or relational warmth triggers distrust when customers notice the mismatch [5,6], yet there are service contexts where the nonhuman nature of the system is precisely what customers want [7]. This paper develops a conceptual framework that extends and reconceptualises established service quality dimensions for AI-mediated service, rather than reporting an empirical test.

It draws on recent work across service research, consumer psychology, human–computer interaction, and AI-enabled service design. Three contributions follow from this reconceptualisation. First, we try to be precise about what reliability, responsiveness, and relational quality actually require when AI rather than a human is doing the work. The definitions shift more than one might expect. Second, we identify three AI-specific failure modes that the service quality literature has not, to our knowledge, treated as a connected set, namely plausible error (fluent but wrong outputs), the illusion of responsiveness (fast replies that produce no real progress), and relational overclaim (claimed warmth that exceeds what the system can actually deliver). Third, we translate these into fifteen prescriptive design principles, organised as the RRR Design Framework, which extends established service quality categories to the AI context.

Each also corresponds to a distinct failure type that calls for a different design response, which is what gives the framework its practical usefulness. There is also the question of why other SERVQUAL dimensions, particularly tangibles and assurance, are not given the same treatment. The answer is not that they are irrelevant. Tangible elements of service, such as a clean hotel room or a well-designed mobile interface, remain important regardless of whether the service agent is human or artificial. But they are

In some ways, it is a higher one. Sections 2–4 have argued, separately, that each of the three SERVQUAL-era dimensions needs to be understood differently when AI is in the service loop. Table 1 consolidates that argument by setting the assumptions of pre-AI service design alongside the corresponding moves required in AI-enabled service systems. The contrast is not that the older categories are wrong. It is that they were specified for a kind of failure mode that AI does not have, and are silent on the kinds of failure modes AI introduces. The table is designed to make the gap visible at a glance, and to make explicit what the RRR framework asks designers to do differently. AI-enabled service. Design Issue Existing Approach (SERVQUAL-Era Assumptions) RRR Framework Move (AI-Enabled Service) Nature of error Errors are visible and bounded. Wrong address, wrong charge, missing booking.

Information 2026, 17, 443 9 of 21 Design Issue Existing Approach (SERVQUAL-Era Assumptions) RRR Framework Move (AI-Enabled Service) Empathy and warmth Empathy is a relational virtue. More warmth, more personalisation, more emotional attunement strengthen the customer relationship. Claimed warmth that exceeds capability erodes trust. Calibrated anthropomorphism and dignity-preserving defaults replace simulated empathy. Identity disclosure Not applicable. The agent is human and identity is given. Identity is a design choice. AI identity transparency is a baseline. Strategic non-humanness uses it as a value proposition in stigma-sensitive contexts. Recovery design Recovery is reactive. Apologise, refund, retain. Service recovery research focuses on what to do after a customer complains. Recovery is architected into the system. Each dimension carries explicit prevent and recover principles, since AI failures often go unreported by the customer.

The preceding three sections establish that reliability, responsiveness, and relational quality each need to be understood differently when AI is in the service loop. This section pulls the principles together. Table 2 presents all fifteen design principles with their associated design rules and illustrative applications. Figure 1 provides a visual representation of the framework’s structure. Dimension Design Principle Design Rule Illustrative Application Reliability Calibrated uncertainty communication Signal confidence levels explicitly; distinguish verified from inferred content Travel bot flags ‘verified policy’ vs. ‘based on typical practice’ Conservative promise design Under-promise relative to probabilistic outputs; narrow claims when uncertainty is high Insurance bot says “this may be covered” rather than “this is covered” when confidence is below threshold Retrieval-generation transparency Show which parts of a response come from verified sources and which are generated Financial bot labels market data (retrieved) separately from investment suggestions (generated) Graceful failure acknowledgment When the system cannot answer reliably, say so clearly and route to a qualified source “I do not have enough information to answer accurately.

This scenario demonstrates the relational quality principles carrying the most weight. The non-human nature of the system is positioned as a feature rather than a limitation, and the reliability principles operate in the background to ensure that no unverified clinical suggestion reaches the patient. same governing proposition produces different principle combinations depending on the design challenge in front of the customer. Scenario 1 leans on reliability and responsiveness, with relational quality operating as a quiet background constraint. Scenario 2 leads with relational quality, then returns to reliability when the system reaches the limit of what it can confidently say. Together, they show the framework operating as a working design tool rather than as a static taxonomy. The framework is held together by a strategic design proposition, which is to automate to protect relationships.

The RRR Design Framework is designed for hybrid human-AI frontline service systems where customers are actively seeking resolution, guidance, or support. This includes chatbots, voice assistants, triage systems, and service robots operating in contexts such as telecommunications, financial services, healthcare screening, and retail support. The framework translates less directly to fully automated back-end processing where customers are not present as interactants, or to purely self-service systems where no human fallback exists by design. An important boundary condition arises in high-vulnerability, high-distress contexts such as crisis counselling, bereavement support, or acute mental health intervention. In these settings, customers may enter the encounter already depleted or highly vigilant, and relational safety may need to be established before the customer can engage productively with reliable information or responsive progress.

Existing work has addressed each of these individually. What we add is the observation that they interact. A system that is reliable but unresponsive gives accurate answers that do not resolve anything, while a system that is responsive but relationally overclaiming efficiently processes customers while eroding their dignity. The failure mode taxonomy provides a diagnostic structure that existing frameworks lack. The third contribution, which we suspect is the most consequential, is to push back on the assumption (prevalent in both practice and parts of the literature) that adding warmth and anthropomorphic features is the default path to better AI service experiences. The evidence on strategic non-humaneness and relational overclaim points the other way. The design challenge is not to make AI more human-like but to make it more honest about what it is, and that honesty often produces better relational outcomes than simulated empathy.

Information 2026, 17, 443 17 of 21 design. It is a retention mechanism that addresses a class of attrition that deflection rates, handle times, and even NPS scores systematically undercount. For AI system designers, the framework translates customer experience requirements into technical specifications. Calibrated uncertainty communication requires confidence scoring in model outputs and threshold-based routing of responses that fall below acceptable confidence levels. Context preservation requires shared state management across service channels with consistent data schemas. Low-friction escalation requires integration between AI orchestration layers and human agent platforms, including automated case summarisation, so agents are not starting blind. Retrieval-generation transparency requires architectures that track the provenance of each element of a response, which is increasingly feasible with retrieval-augmented generation but is rarely prioritised when the design brief is focused on throughput.

The framework opens up questions that extend beyond the propositions above. The interactions between dimensions deserve dedicated investigation. Ferraro et al. [8] identify paradoxes in generative AI services that suggest the tensions between dimensions may matter as much as the dimensions themselves. For instance, increasing reliability through explicit uncertainty communication may slow the interaction and reduce perceived responsiveness. Understanding these trade-offs empirically would strengthen the framework’s practical usefulness. The framework currently treats context as a boundary condition rather than a design variable. Future work should examine how the relative weight of the three dimensions shifts across service contexts. Reliability principles are likely most critical in high-stakes domains such as healthcare and financial advice, responsiveness principles in complex multi-touchpoint journeys, and relational quality principles in emotionally charged or stigma-sensitive encounters.

Information 2026, 17, 443 19 of 21 Customer AI literacy is likely to moderate the effects predicted by the framework. A customer who is familiar with how generative AI works may have different expectations about uncertainty and different thresholds for relational overclaim than one encountering an AI-mediated service for the first time. How AI literacy interacts with the design principles proposed here is an open and consequential question. The strategic non-humanness concept deserves considerably more theoretical development than this paper has been able to provide. The finding that non-human identity can be a design asset rather than a liability in specific service contexts is among the most counterintuitive results in the recent literature, and the boundary conditions, moderating mechanisms, and long-term effects remain largely unexplored.",outputs/batch1/canonical_text_284/560be0c20de7.txt,M. Colgate; Orla Colgate,2026,Information,,https://www.semanticscholar.org/paper/51493efcd757168bfe90566436e0982efe07bfd9,DF-C02,1,game | experience | player | learning | service | dynamics | systemic | elements | AI | view | components | aspects | mechanics | entertainment | literature,"Design frameworks — Game, experience & player [DF-C02]",game | experience | player | learning | service | dynamics | systemic | elements | AI | view | components | aspects | mechanics | entertainment | literature,"Within the predefined Design frameworks group, DF-C02 is statistically distinguished by game, experience, player. Additional contrastive terms include learning, service, dynamics, systemic, elements. Representative papers include The Experience, Dynamics and Artifacts Framework: Towards a Holistic Model for Designing Serious and Entertainment Games; The experience, dynamics and artifacts framework: towards a holistic model for designing serious and entertainment games. This is an analysis-frozen statistical interpretation, not a final editorial topic label.",Design frameworks,Statistical bottom-up interpretation,Analysis frozen; confirmation by at least two reviewers pending,Contrastive cluster explanation using adapted class-based TF-IDF; not a predefined codebook classification.,Not assigned by Path 1,Not evaluated in this statistical interpretation,Not applicable,Predefined keyword group,Not assigned,BGE-M3 embedding + Spectral clustering,Not assigned,Adapted class-based TF-IDF interpretation,not_applicable,-1,0.0,game | experience | player | learning | service | dynamics | systemic | elements | AI | view | components | aspects | mechanics | entertainment | literature,False,False,0,,,7.2940235,17.157915,0.12887239456176758,4,4,False,"[{'paper_id': '268903a30da5', 'title': 'Systematic Review of Systemic Design Frameworks for Complex Challenges', 'cluster': 1, 'distance': 0.26155298948287964}, {'paper_id': 'e09769771b82', 'title': 'The Experience, Dynamics and Artifacts Framework: Towards a Holistic Model for Designing Serious and Entertainment Games', 'cluster': 1, 'distance': 0.26839715242385864}, {'paper_id': '7afa6519f6fc', 'title': 'The experience, dynamics and artifacts framework: towards a holistic model for designing serious and entertainment games', 'cluster': 1, 'distance': 0.27536487579345703}, {'paper_id': '660ca24145b2', 'title': 'The E-Design Assessment Tool: an evidence-informed approach towards a consistent terminology for quantifying online distance learning activities', 'cluster': 0, 'distance': 0.2940523624420166}, {'paper_id': '1e7ab64c6cf9', 'title': 'Commentary: Strength-based co-design that EMPOWERs – Lessons from codesigning with older adults', 'cluster': 0, 'distance': 0.2995188236236572}]"
660ca24145b2,Design frameworks,The E-Design Assessment Tool: an evidence-informed approach towards a consistent terminology for quantifying online distance learning activities,"Online distance learning (ODL) continues to expand rapidly, despite persistent concerns that student experience is poorer and retention lower than for face-to-face courses. Various factors affect ODL quality, but the impact of recommended learning activities, such as student interaction activities and those involving feedback, have proven difficult to assess because of challenges in definition and measurement. Although learning design frameworks and learning analytics have been used to evaluate learning designs, their use is hampered by this lack of an agreed terminology. This study addresses these challenges by initially identifying key ODL activities that are associated with higher quality learning designs. The learning activity terminology was tested using independent raters, who categorised the learning activities in four ODL courses as ‘interaction’, ‘feedback’ or ‘other’, with inter-rater reliability near or above recommended levels. Whilst challenges remain for consistent categorisation, the analysis suggests that increased clarity in the learning activity will aid categorisation. As a result of this analysis, the E-Design Assessment Tool (eDAT) has been developed to incorporate this key terminology and enable improved quantification of learning designs. This can be used with learning analytics, particularly retention and attainment data, thus providing an effective feedback loop on the learning design.",12,12,660ca24145b2_p0006;660ca24145b2_p0007;660ca24145b2_p0014;660ca24145b2_p0015;660ca24145b2_p0016;660ca24145b2_p0018;660ca24145b2_p0019;660ca24145b2_p0020;660ca24145b2_p0026;660ca24145b2_p0034;660ca24145b2_p0035;660ca24145b2_p0036,"224). A feedback loop would enable exploration of the specific impact online learning designs have on students’ learning and make possible recommendations for effective learning activities to enhance learning and retention. Evaluation of learning designs is hampered by a lack of shared vocabularies for pedagogic practice (Currier et al. 2006, section 2.2, no pagination). To achieve effective evaluation through a feedback loop requires ‘a more widely used language or framework for sharing Learning Designs’ (Dalziel et al. 2016, p. 260). For Laurillard (2012) it is an educational imperative to describe and represent online learning designs so that they can provide feedback to tutors about their effectiveness. Research objectives A variety of common educational terminology is used by tutors to describe learning activities, but the extent to which they agree with the meaning and application is not known.

This study therefore aimed to provide a reliable quantitative framework for categorising online activities by means of the following: Objective 1: identifying types of effective online learning activities that support retention Objective 2: testing terminology used to describe learning activities to identify the extent to which different users agree Objective 3 : developing the e-Design Assessment Tool (eDAT) utilising this terminology to describe and quantify learning activities Literature review: effective online learning activities Levels of feedback and interaction in the course are two course design features often cited as having a significant impact on retention and each are discussed in the following sections. Interaction Support for interaction in learning comes from social constructivist learning theory (Vygotsky and Cole 1978).

A systematic review of the impact of peer-assessment in online learning indicated that this ‘improves performance of students in learning environments in over 60% of the evaluated articles’ (Tenório et al. 2016, p. 103). A course redesigned to include regular tests with automatic feedback increased attainment and reduced withdrawal (Sancho-Vinuesa, Escudero-Viladoms, and Masià 2013). Interaction and feedback are inherently linked: a tutor giving feedback to students is a form of interaction, and interactions with students provide feedback to tutors on how students are progressing (Hatzipanagos and Warburton 2009). Representing learning designs The impact of course design features on retention can be investigated using the Learning Design Conceptual Framework (Dalziel et al. 2013). Dalziel argues that Learning Design can be used in fine-grained comparisons in educational research and that there is a need ‘to keep trying to develop a broadly accepted representational framework(s)’ (Dalziel et al.

2016, p. 256). Laurillard agrees: Perhaps the attempt is doomed. But without it there is no basis for the comparative analysis of the range of conventional and digital teaching methods that will tell us how they may best be used to support student learning. That is an imperative for our education systems now, so we have to try. (Laurillard 2012, Chapter 5, no pagination) Learning design representations are ways to represent or ‘codify’ learning designs to help online tutors and learning designers analyse and innovate, facilitate software developers to instantiate lessons in software or share designs with others (Conole 2013). Representations can include practice-based, conceptual, abstract or technical learning designs and those based on a specific theoretical approach. They can represent individual lessons or whole courses and provide different lenses to explore specific features including the nature of the task, the tools, resources or pedagogic principles.

The most common type of representation is textual; other examples include content and course maps, pedagogy profiles, task swim lanes (visualisations) and learning outcome maps (Conole 2013). However, each representation uses different terminology and formats, some embedding pedagogic guidance and others not. The learning design representations in Table 1 illustrate the variety of terminology used to describe learning activities by different tools. This variety of learning activity terminology is challenging for learning design - ers when evaluating the effectiveness of learning designs. For example, the Open

Analysis of a number of US online courses used a rubric for raters to score each of four key elements on a three-point scale; it experienced similar difficulties (Jaggars and Xu 2016). Even very simple terms seem to cause difficulties; for example, some users thought there was ambigu - ity between ‘resource’ and ‘support’ in the AUTC representation (Agostinho 2011). A group of learning designers conducted an interesting study to apply different learning design tools to a single lesson plan to ‘represent’ the design. Their challenges and varied results highlight the lack of consistency in learning design tools (Persico et al. 2013). This variety of disparate terms makes consistent analysis of learning activities difficult. The eDAT, as described in the following, utilises the two commonly used terms (‘interaction’ and ‘feedback’) that are associated with higher retention in ODL.

The consistent use of these terms, as suggested by the following analysis, could enable a more accurate and effective way for tutors and learning designers to describe learning activities. When learning activities can be accurately described, they can be quantified and used with learning analytics to provide evidence for effective learning designs that increase retention (Bakharia et al. 2016). Name of learning design framework or tool Terminology for learning activities Updated Bloom’s taxonomy (Anderson and Krathwohl 2001) Type of activity: remember, understand, apply, analyse, evaluate, create Australian Universities Teacher Committee (AUTC) Learning Design (Agostinho et al. 2002) Elements of online learning design: resources, tasks, supports Ulster hybrid (University of Ulster 2008) Online learning events: receives, debates, experiments, creates, explores, practises, imitates, meta-learns Open University Learning Design Initiative (OULDI) project (Cross et al.

2012) Online learning activity types: assimilative, finding and handling information, communication, productive, experiential, interactive or adaptive, assessment 7Cs framework (Conole 2014) Online learning activities: capture, communicate, collaborate, consider Learning Designer online design tool (London Knowledge Lab 2016) based on the Conversational Framework (Laurillard 2002, 2012) Online learning activities: read, watch, listen (acquisition); collaborate; discuss; investigate; practice; produce E-Design Template (Walmsley 2017), based on Stephenson and Coomey (2001) Online learning activity types: studentmanaged, tutor-managed, open activity, closed task

High reliability may also indicate a loss of validity; for example, the categories may be oversimplified or superficial (Krippendorff 2013). In addition, high agreement between raters may simply mean that a particular item is missing from the content being analysed or that there is a high degree of similarity between the items being rated.

However, the example given of an activity categorised consistently suggests that increased clarity about opportunities for interaction and feedback in a task will improve consistent use of these terms. The eDAT has been developed to attempt to address these issues. It builds on the other Learning Design representation tools mentioned but focusses on two key online learning activities that are associated with higher retention. The eDAT enables tutors and designers to carry out the analysis described, that is, to categorise their learning activities using the terms ‘interaction’ and ‘feedback’ and to quantify them. Interaction activities can be categorised with some confidence, but feedback activities may be less easy to identify and require review and editing for clarity. Further analysis of the effectiveness of the tool is being conducted and will be reported separately.

Using the eDAT to categorise learning activities helps to provides quantitative data about the learning design. It also highlights to tutors the need to specify clearly to students when and how they will be interacting with others and when they can expect to receive feedback on each of their activities, thus potentially improving the learning design.

10 Citation: Research in Learning Technology 2019, 27: 2106 - http://dx.doi.org/10.25304/rlt.v27.2106 Appendix 1: The E-Design Assessment Tool The E-Design Assessment Tool (Walmsley 2017) employs the tested terminology in both a Word template and Excel for use by tutors and designers, together with examples and a guide to quantifying learning activities. A sample follows, and both are freely available for download from the eDAT site: http://blogs.staffs.ac.uk/ bestpracticemodels/edat/ . E-Design Assessment Tool Tutor instructions: Add your activities below and indicate where you have specifically included interaction and/or feedback activities. Calculate the % of each activity type to help you reflect on your learning design. Use retention and attainment rates to evaluate the quality of the learning design. No Specific learning activities/tasks (you may need to split activities that include separate parts) Interaction with… A. tutor B. peers C. (interactive) content Feedback from… 1. tutor 2. peers 3. self 4. computer (automatic) Other content or activities ¸ Activity text here … [add interaction type here if present in activity] [add feedback type here if present in activity] [Insert additional rows as required] Total activities: __ _% with interaction _% with feedback _% other",outputs/batch1/canonical_text_284/660ca24145b2.txt,Helen Walmsley-Smith; Lynn Machin; G. Walton,2019,Research in Learning Technology,,https://www.semanticscholar.org/paper/b16b678f10cc89599644f2c85895dbff730b3569,DF-C01,0,learning | activities | co-design | learning activities | feedback | online | participants | vulnerability | experiencing | interaction | experiencing vulnerability | online learning | learning designs | terminology | social,"Design frameworks — Learning, activities & co-design [DF-C01]",learning | activities | co-design | learning activities | feedback | online | participants | vulnerability | experiencing | interaction | experiencing vulnerability | online learning | learning designs | terminology | social,"Within the predefined Design frameworks group, DF-C01 is statistically distinguished by learning, activities, co-design. Additional contrastive terms include learning activities, feedback, online, participants, vulnerability. Representative papers include Commentary: Strength-based co-design that EMPOWERs – Lessons from codesigning with older adults; The E-Design Assessment Tool: an evidence-informed approach towards a consistent terminology for quantifying online distance learning activities. This is an analysis-frozen statistical interpretation, not a final editorial topic label.",Design frameworks,Statistical bottom-up interpretation,Analysis frozen; confirmation by at least two reviewers pending,Contrastive cluster explanation using adapted class-based TF-IDF; not a predefined codebook classification.,Not assigned by Path 1,Not evaluated in this statistical interpretation,Not applicable,Predefined keyword group,Not assigned,BGE-M3 embedding + Spectral clustering,Not assigned,Adapted class-based TF-IDF interpretation,not_applicable,-1,0.0,learning | activities | co-design | learning activities | feedback | online | participants | vulnerability | experiencing | interaction | experiencing vulnerability | online learning | learning designs | terminology | social,False,False,0,,,7.8838263,15.090041,0.06885755062103271,2,2,True,"[{'paper_id': '1e7ab64c6cf9', 'title': 'Commentary: Strength-based co-design that EMPOWERs – Lessons from codesigning with older adults', 'cluster': 0, 'distance': 0.2659475803375244}, {'paper_id': '268903a30da5', 'title': 'Systematic Review of Systemic Design Frameworks for Complex Challenges', 'cluster': 1, 'distance': 0.26784205436706543}, {'paper_id': 'e09769771b82', 'title': 'The Experience, Dynamics and Artifacts Framework: Towards a Holistic Model for Designing Serious and Entertainment Games', 'cluster': 1, 'distance': 0.2684742212295532}, {'paper_id': '7afa6519f6fc', 'title': 'The experience, dynamics and artifacts framework: towards a holistic model for designing serious and entertainment games', 'cluster': 1, 'distance': 0.27195125818252563}, {'paper_id': '560be0c20de7', 'title': 'Designing for Trust, Progress, and Dignity: A Conceptual Framework for Reliability, Responsiveness, and Relational Quality in AI-Enabled Service Systems', 'cluster': 1, 'distance': 0.2940523624420166}]"
7afa6519f6fc,Design frameworks,"The experience, dynamics and artifacts framework: towards a holistic model for designing serious and entertainment games","Games have been used by educators as a mean for increasing learning retention and providing students with entertainment experiences that go beyond the classroom. However, the process of creating a game for educational purposes (serious game) is segmented into its entertainment structures, which usually are underemployed in a pedagogical application, and in purely educational components, which have been extensively detailed in the literature. This division can hinder the player/learner experience as too much focus in one of these areas can either compromise knowledge acquisition or engagement. To overcome this issue, this work proposes a holistic view of games that includes both learning and entertainment elements, making them indistinguishable in creating either an entertainment or serious game. This notion is further reinforced by reviewing common game design frameworks found in the literature that have an empirical background, and by proposing a unified game design framework that uses elements from the analyzed frameworks and enhances them by including the latest research into game-based learning and serious games guidelines. By proposing a holistic view of games and an accompanying framework, a new way of facing game design is proposed that encourages designers to consider the postgame learning experiences and stimulates educators to take the entertainment aspects of their game more deeply.",12,12,7afa6519f6fc_p0006;7afa6519f6fc_p0008;7afa6519f6fc_p0009;7afa6519f6fc_p0010;7afa6519f6fc_p0016;7afa6519f6fc_p0018;7afa6519f6fc_p0025;7afa6519f6fc_p0026;7afa6519f6fc_p0027;7afa6519f6fc_p0028;7afa6519f6fc_p0040;7afa6519f6fc_p0041,"One example of this pitfall is the Design, Play and Experience Framework (DPE) [9], which separates the learning aspects of the game from other components, such as narrative, gameplay, and even user experience, and implies that the learning process is separate from the game experience, not a consequence of these elements interacting with each other [10]. A systematic review of educational game design frameworks in [11] showed that 10 out of 11 evaluated serious games frameworks proposes a pedagogical goal, but only 4 of them were concerned with user experience. Gamer expectations, satisfaction, cognitive development, and learning behavior were not addressed in most of these frameworks [11]. Corroborating with this view, a Delphi interview of academic digital game design experts described in [12] stated that one of the greatest challenges of serious game design is creating motivational challenges, and not explicitly didactic; another study on the development of serious games by teachers working as designers stated that most of them struggled to use basic game elements (such as mechanics) and combining them into useful learning experiences [13].

Therefore there is a need to develop a game design framework for the development of both entertainment and serious games, that considers the learning process holistically by either teaching the player about game rules and controls or aiming at learning pedagogical content. While game rules are usually taught intuitively, falling under the ﬁeld of intuitive design [14], pedagogical content can vary in its approach, either by teaching content explicitly (instructionism view) or indirectly (constructivist view). Regardless of their “intuitiveness”, their common goal can be stated as transferring knowledge to the player, whether it is serious or not. Thus game rules and content instruction should be integrated into a single view of learning in games. Since a truly holistic framework must account for various game elements and design considerations, this work proposes a ﬁrst attempt at developing this uniﬁed model by analyzing common game design frameworks found in the literature, combining their elements into a simple design model, and integrating SG’s learning mechanics that can be used by game designers and educators.

To create a framework that embraces both serious and nonserious aspects of games, it is necessary to couple empirical industry practices with well-known results from academic research about game design for fostering learning and behavioral changes. To this end, this work starts by reviewing current learning theories and practices related to games, revising the deﬁnition of a game and proposing a uniﬁed view that comprises both aspects, as well as a formal deﬁnition for experiences that take place while (ingame), and after playing a game (postgame). Secondly, this work describes and compares common game design frameworks found in the literature which have a strong empirical background and are generally accepted by both the game industry and academics. This is not an exhaustive comparison, as there are a plethora of frameworks, models, and guidelines that were not considered in this work; the analyzed frameworks were chosen according to their empirical background/context, rather than academic validity.

Next, based on the evaluated frameworks, a new model is proposed based on game-based learning approaches and serious game design. This model brings together empirical and research aspects into one integrated view of game design that offers a fresh lens for both designers and educators alike on how to entertain and educate players simultaneously.

The Mechanics, Dynamics, and Aesthetics (MDA) is one of the ﬁrst and most known frameworks for game design, accepted both by academia and practitioners [10]. It formalizes the experience of a game into three components (fun, system, and rules), and propose their corresponding parts from the design perspective: (1) Mechanics, which describes components of a game, its data representation, and algorithms; (2) Dynamics, the game behavior after mechanics interactions and interactions with the player; and (3) Aesthetics, the desirable emotional responses evoked in the player [27]. Even though this is a very straightforward interpretation of the game experience, it has been criticized due to some possible misinterpretations and ambiguous deﬁnitions. For instance, Mechanics comprises both code, technology, and game mechanics, which can be confusing to designers while establishing a standard nomenclature for game design.

The Tetrad is further subdivided into various elements, which can sometimes provide an inconsistent deﬁnition [28]. The Design, Play, and Experience Framework (DPE) is an expansion of MDA that aims to address the learning aspects of serious game design [9]. The elements of this framework correspond directly to MDA. However, the DPE adds a feedback loop from the Experience to the Design component. This loop emphasizes the inﬂuence of experience goals on the design and reinforces the concept of design iteration. It further expands the original MDA components into ﬁve layers: (1) Learning, which accounts for the learning outcomes desired for the game experience; (2) Storytelling, comprising both the designer intended story and what the player makes of it through its own experiences; (3) Gameplay, deﬁning what the player does in the game, including its mechanics, dynamics and resulting experiences (affect); (4) User Experience, which corresponds to the most visible aspects from the player’s perspective; and (5) Technology, reﬂecting the capabilities and limitations of technical aspects utilized in the design.

Thus, these elements can be found in multiple components in each framework. All of these frameworks consider that the full game experience arises not only from the playermechanics interaction but from their inherent dynamics and the dynamics between game components; these interactions are clearly stated as Dynamics either as the main component or as a part of one. DDE and APE frameworks treat the origin of these dynamics differently from the others: the APE proposes that the Dynamics arise from Player-Artifact

interactions, while DDE’s Dynamics are created by the playersubject and take form as a narrative antagonist, that opposes the player’s actions and creates conﬂict. A full comparison of the frameworks can be seen in Table I. It is important to notice that all frameworks evaluated refer directly or indirectly to MDA. Even though MDA has some shortcomings related to its linear approach of player’s interactions and the deﬁnition of the Aesthetics component, it is still useful for the analysis of existing games [30]. However, it has low relevance for the game design process when compared to its analytical properties [30], since MDA does not provide a clear set of guidelines or directions on how changes in the Mechanics will affect the subsequent Dynamics and Aesthetics. To increase their relevance, all MDA-based frameworks could be complemented with additional guidelines and properties to enhance their usefulness for game design purposes.

These additions could involve theory-based models that provide a strong foundation for creating and evaluating games or empirical processes with additional guidelines and theories coming from various complementary ﬁelds, such as psychology and pedagogy. To solve this gap of enhancing the design usefulness of MDA-based frameworks, this work proposes a new framework related to MDA, complemented with learning theories and guidelines for serious games design. The proposed framework is a ﬁrst attempt at addressing this gap and bridging concepts of learning in entertainment and serious games, providing a holistic foundation to create high-quality games.

Based on the reviewed frameworks, a new model is proposed aimed at integrating practices for designing both entertainment and SGs. Similar to the frameworks presented before, this model describes player outcomes/experiences, game and player interactions/dynamics, and game components. These components are summarized as: (1) Artifacts, which refers to the APE deﬁnition, comprising any artiﬁcial objects and systems used to structure the game experience; (2) Dynamics, related to the emergent events and behavior coming from player-artifact and artifact-artifact interactions; and (3) Experience, consisting of player’s affordances, mental representations, interpretations and appraisal of the game’s intended and emergent dynamics as viewed by their players. These components are related to each other through the concept of game loop, which is a relatively new element in the game design vocabulary [31].

EDA also brings forth behavioral and cognitive elements associated with game-based learning practices, like meta-cognition, prior knowledge, and personality traits [33]. From a design perspective, EDA considers the game creation as an iterative process, related to user-centered design techniques [40] where game elements must be ﬁne-tuned through playtesting. The designer has only indirect control over the player’s outcomes and experiences, and must continuously improve the game experience by testing its game loop. EDA gives insights into how designers can create meaningful experiences: by designing appropriate challenges, taking into account the player’s sociocultural context, and thinking about not only the ingame experience but also what will stick in the player’s mind after the game (postgame experiences). Unlike all MDA-based frameworks analyzed, EDA shifts the designer focus from purely thinking about aesthetics to consider the overall emotional outcomes and player’s impressions.

This work has some limitations at this moment. The game design frameworks analyzed represent a small portion of all models, guidelines, and frameworks proposed for designing games, which could impact EDA’s validity and overall generalization. Since the EDA foundations are based on a very particular view of the game design process, that is, heavily inspired by MDA-based frameworks. Thus it should be considered as the ﬁrst step toward a truly holistic approach to game design. It is also important to highlight that, although the proposed framework is aimed at analyzing existing games and helping game designers, it is still missing key aspects of the design process and “second-order” processes, such as risk analysis, project management practices, and production pipelines.",outputs/batch1/canonical_text_284/7afa6519f6fc.txt,"Natucci, G.C. (1); Borges, M.A.F. (1)",,2021 IEEE Conference on Games (CoG),10.1109/CoG52621.2021.9619144,,DF-C02,1,game | experience | player | learning | service | dynamics | systemic | elements | AI | view | components | aspects | mechanics | entertainment | literature,"Design frameworks — Game, experience & player [DF-C02]",game | experience | player | learning | service | dynamics | systemic | elements | AI | view | components | aspects | mechanics | entertainment | literature,"Within the predefined Design frameworks group, DF-C02 is statistically distinguished by game, experience, player. Additional contrastive terms include learning, service, dynamics, systemic, elements. Representative papers include The Experience, Dynamics and Artifacts Framework: Towards a Holistic Model for Designing Serious and Entertainment Games; The experience, dynamics and artifacts framework: towards a holistic model for designing serious and entertainment games. This is an analysis-frozen statistical interpretation, not a final editorial topic label.",Design frameworks,Statistical bottom-up interpretation,Analysis frozen; confirmation by at least two reviewers pending,Contrastive cluster explanation using adapted class-based TF-IDF; not a predefined codebook classification.,Not assigned by Path 1,Not evaluated in this statistical interpretation,Not applicable,Predefined keyword group,Not assigned,BGE-M3 embedding + Spectral clustering,Not assigned,Adapted class-based TF-IDF interpretation,not_applicable,-1,0.0,game | experience | player | learning | service | dynamics | systemic | elements | AI | view | components | aspects | mechanics | entertainment | literature,False,False,0,,,8.5296955,16.13963,0.04997360706329346,2,2,True,"[{'paper_id': 'e09769771b82', 'title': 'The Experience, Dynamics and Artifacts Framework: Towards a Holistic Model for Designing Serious and Entertainment Games', 'cluster': 1, 'distance': 0.006087243556976318}, {'paper_id': '268903a30da5', 'title': 'Systematic Review of Systemic Design Frameworks for Complex Challenges', 'cluster': 1, 'distance': 0.23451769351959229}, {'paper_id': '660ca24145b2', 'title': 'The E-Design Assessment Tool: an evidence-informed approach towards a consistent terminology for quantifying online distance learning activities', 'cluster': 0, 'distance': 0.27195125818252563}, {'paper_id': '560be0c20de7', 'title': 'Designing for Trust, Progress, and Dignity: A Conceptual Framework for Reliability, Responsiveness, and Relational Quality in AI-Enabled Service Systems', 'cluster': 1, 'distance': 0.27536487579345703}, {'paper_id': '1e7ab64c6cf9', 'title': 'Commentary: Strength-based co-design that EMPOWERs – Lessons from codesigning with older adults', 'cluster': 0, 'distance': 0.3093562126159668}]"
e09769771b82,Design frameworks,"The Experience, Dynamics and Artifacts Framework: Towards a Holistic Model for Designing Serious and Entertainment Games","Games have been used by educators as a mean for increasing learning retention and providing students with entertainment experiences that go beyond the classroom. However, the process of creating a game for educational purposes (serious game) is segmented into its entertainment structures, which usually are underemployed in a pedagogical application, and in purely educational components, which have been extensively detailed in the literature. This division can hinder the player/learner experience as too much focus in one of these areas can either compromise knowledge acquisition or engagement. To overcome this issue, this work proposes a holistic view of games that includes both learning and entertainment elements, making them indistinguishable in creating either an entertainment or serious game. This notion is further reinforced by reviewing common game design frameworks found in the literature that have an empirical background, and by proposing a unified game design framework that uses elements from the analyzed frameworks and enhances them by including the latest research into game-based learning and serious games guidelines. By proposing a holistic view of games and an accompanying framework, a new way of facing game design is proposed that encourages designers to consider the postgame learning experiences and stimulates educators to take the entertainment aspects of their game more deeply.",12,12,e09769771b82_p0006;e09769771b82_p0008;e09769771b82_p0009;e09769771b82_p0010;e09769771b82_p0016;e09769771b82_p0018;e09769771b82_p0025;e09769771b82_p0026;e09769771b82_p0027;e09769771b82_p0028;e09769771b82_p0040;e09769771b82_p0041,"One example of this pitfall is the Design, Play and Experience Framework (DPE) [9], which separates the learning aspects of the game from other components, such as narrative, gameplay, and even user experience, and implies that the learning process is separate from the game experience, not a consequence of these elements interacting with each other [10]. A systematic review of educational game design frameworks in [11] showed that 10 out of 11 evaluated serious games frameworks proposes a pedagogical goal, but only 4 of them were concerned with user experience. Gamer expectations, satisfaction, cognitive development, and learning behavior were not addressed in most of these frameworks [11]. Corroborating with this view, a Delphi interview of academic digital game design experts described in [12] stated that one of the greatest challenges of serious game design is creating motivational challenges, and not explicitly didactic; another study on the development of serious games by teachers working as designers stated that most of them struggled to use basic game elements (such as mechanics) and combining them into useful learning experiences [13].

Therefore there is a need to develop a game design framework for the development of both entertainment and serious games, that considers the learning process holistically by either teaching the player about game rules and controls or aiming at learning pedagogical content. While game rules are usually taught intuitively, falling under the ﬁeld of intuitive design [14], pedagogical content can vary in its approach, either by teaching content explicitly (instructionism view) or indirectly (constructivist view). Regardless of their “intuitiveness”, their common goal can be stated as transferring knowledge to the player, whether it is serious or not. Thus game rules and content instruction should be integrated into a single view of learning in games. Since a truly holistic framework must account for various game elements and design considerations, this work proposes a ﬁrst attempt at developing this uniﬁed model by analyzing common game design frameworks found in the literature, combining their elements into a simple design model, and integrating SG’s learning mechanics that can be used by game designers and educators.

To create a framework that embraces both serious and nonserious aspects of games, it is necessary to couple empirical industry practices with well-known results from academic research about game design for fostering learning and behavioral changes. To this end, this work starts by reviewing current learning theories and practices related to games, revising the deﬁnition of a game and proposing a uniﬁed view that comprises both aspects, as well as a formal deﬁnition for experiences that take place while (ingame), and after playing a game (postgame). Secondly, this work describes and compares common game design frameworks found in the literature which have a strong empirical background and are generally accepted by both the game industry and academics. This is not an exhaustive comparison, as there are a plethora of frameworks, models, and guidelines that were not considered in this work; the analyzed frameworks were chosen according to their empirical background/context, rather than academic validity.

Next, based on the evaluated frameworks, a new model is proposed based on game-based learning approaches and serious game design. This model brings together empirical and research aspects into one integrated view of game design that offers a fresh lens for both designers and educators alike on how to entertain and educate players simultaneously.

The Mechanics, Dynamics, and Aesthetics (MDA) is one of the ﬁrst and most known frameworks for game design, accepted both by academia and practitioners [10]. It formalizes the experience of a game into three components (fun, system, and rules), and propose their corresponding parts from the design perspective: (1) Mechanics, which describes components of a game, its data representation, and algorithms; (2) Dynamics, the game behavior after mechanics interactions and interactions with the player; and (3) Aesthetics, the desirable emotional responses evoked in the player [27]. Even though this is a very straightforward interpretation of the game experience, it has been criticized due to some possible misinterpretations and ambiguous deﬁnitions. For instance, Mechanics comprises both code, technology, and game mechanics, which can be confusing to designers while establishing a standard nomenclature for game design.

The Tetrad is further subdivided into various elements, which can sometimes provide an inconsistent deﬁnition [28]. The Design, Play, and Experience Framework (DPE) is an expansion of MDA that aims to address the learning aspects of serious game design [9]. The elements of this framework correspond directly to MDA. However, the DPE adds a feedback loop from the Experience to the Design component. This loop emphasizes the inﬂuence of experience goals on the design and reinforces the concept of design iteration. It further expands the original MDA components into ﬁve layers: (1) Learning, which accounts for the learning outcomes desired for the game experience; (2) Storytelling, comprising both the designer intended story and what the player makes of it through its own experiences; (3) Gameplay, deﬁning what the player does in the game, including its mechanics, dynamics and resulting experiences (affect); (4) User Experience, which corresponds to the most visible aspects from the player’s perspective; and (5) Technology, reﬂecting the capabilities and limitations of technical aspects utilized in the design.

Thus, these elements can be found in multiple components in each framework. All of these frameworks consider that the full game experience arises not only from the playermechanics interaction but from their inherent dynamics and the dynamics between game components; these interactions are clearly stated as Dynamics either as the main component or as a part of one. DDE and APE frameworks treat the origin of these dynamics differently from the others: the APE proposes that the Dynamics arise from Player-Artifact

interactions, while DDE’s Dynamics are created by the playersubject and take form as a narrative antagonist, that opposes the player’s actions and creates conﬂict. A full comparison of the frameworks can be seen in Table I. It is important to notice that all frameworks evaluated refer directly or indirectly to MDA. Even though MDA has some shortcomings related to its linear approach of player’s interactions and the deﬁnition of the Aesthetics component, it is still useful for the analysis of existing games [30]. However, it has low relevance for the game design process when compared to its analytical properties [30], since MDA does not provide a clear set of guidelines or directions on how changes in the Mechanics will affect the subsequent Dynamics and Aesthetics. To increase their relevance, all MDA-based frameworks could be complemented with additional guidelines and properties to enhance their usefulness for game design purposes.

These additions could involve theory-based models that provide a strong foundation for creating and evaluating games or empirical processes with additional guidelines and theories coming from various complementary ﬁelds, such as psychology and pedagogy. To solve this gap of enhancing the design usefulness of MDA-based frameworks, this work proposes a new framework related to MDA, complemented with learning theories and guidelines for serious games design. The proposed framework is a ﬁrst attempt at addressing this gap and bridging concepts of learning in entertainment and serious games, providing a holistic foundation to create high-quality games.

Based on the reviewed frameworks, a new model is proposed aimed at integrating practices for designing both entertainment and SGs. Similar to the frameworks presented before, this model describes player outcomes/experiences, game and player interactions/dynamics, and game components. These components are summarized as: (1) Artifacts, which refers to the APE deﬁnition, comprising any artiﬁcial objects and systems used to structure the game experience; (2) Dynamics, related to the emergent events and behavior coming from player-artifact and artifact-artifact interactions; and (3) Experience, consisting of player’s affordances, mental representations, interpretations and appraisal of the game’s intended and emergent dynamics as viewed by their players. These components are related to each other through the concept of game loop, which is a relatively new element in the game design vocabulary [31].

EDA also brings forth behavioral and cognitive elements associated with game-based learning practices, like meta-cognition, prior knowledge, and personality traits [33]. From a design perspective, EDA considers the game creation as an iterative process, related to user-centered design techniques [40] where game elements must be ﬁne-tuned through playtesting. The designer has only indirect control over the player’s outcomes and experiences, and must continuously improve the game experience by testing its game loop. EDA gives insights into how designers can create meaningful experiences: by designing appropriate challenges, taking into account the player’s sociocultural context, and thinking about not only the ingame experience but also what will stick in the player’s mind after the game (postgame experiences). Unlike all MDA-based frameworks analyzed, EDA shifts the designer focus from purely thinking about aesthetics to consider the overall emotional outcomes and player’s impressions.

This work has some limitations at this moment. The game design frameworks analyzed represent a small portion of all models, guidelines, and frameworks proposed for designing games, which could impact EDA’s validity and overall generalization. Since the EDA foundations are based on a very particular view of the game design process, that is, heavily inspired by MDA-based frameworks. Thus it should be considered as the ﬁrst step toward a truly holistic approach to game design. It is also important to highlight that, although the proposed framework is aimed at analyzing existing games and helping game designers, it is still missing key aspects of the design process and “second-order” processes, such as risk analysis, project management practices, and production pipelines.",outputs/batch1/canonical_text_284/e09769771b82.txt,Gabriel C. Natucci; M. A. Borges,2021,2021 IEEE Conference on Games (CoG),,https://www.semanticscholar.org/paper/c99ce43ca2809df3634eb95801e9f47fa335d56f,DF-C02,1,game | experience | player | learning | service | dynamics | systemic | elements | AI | view | components | aspects | mechanics | entertainment | literature,"Design frameworks — Game, experience & player [DF-C02]",game | experience | player | learning | service | dynamics | systemic | elements | AI | view | components | aspects | mechanics | entertainment | literature,"Within the predefined Design frameworks group, DF-C02 is statistically distinguished by game, experience, player. Additional contrastive terms include learning, service, dynamics, systemic, elements. Representative papers include The Experience, Dynamics and Artifacts Framework: Towards a Holistic Model for Designing Serious and Entertainment Games; The experience, dynamics and artifacts framework: towards a holistic model for designing serious and entertainment games. This is an analysis-frozen statistical interpretation, not a final editorial topic label.",Design frameworks,Statistical bottom-up interpretation,Analysis frozen; confirmation by at least two reviewers pending,Contrastive cluster explanation using adapted class-based TF-IDF; not a predefined codebook classification.,Not assigned by Path 1,Not evaluated in this statistical interpretation,Not applicable,Predefined keyword group,Not assigned,BGE-M3 embedding + Spectral clustering,Not assigned,Adapted class-based TF-IDF interpretation,not_applicable,-1,0.0,game | experience | player | learning | service | dynamics | systemic | elements | AI | view | components | aspects | mechanics | entertainment | literature,False,False,0,,,8.246834,16.961071,0.04671645164489746,1,1,True,"[{'paper_id': '7afa6519f6fc', 'title': 'The experience, dynamics and artifacts framework: towards a holistic model for designing serious and entertainment games', 'cluster': 1, 'distance': 0.006087243556976318}, {'paper_id': '268903a30da5', 'title': 'Systematic Review of Systemic Design Frameworks for Complex Challenges', 'cluster': 1, 'distance': 0.22954034805297852}, {'paper_id': '560be0c20de7', 'title': 'Designing for Trust, Progress, and Dignity: A Conceptual Framework for Reliability, Responsiveness, and Relational Quality in AI-Enabled Service Systems', 'cluster': 1, 'distance': 0.26839715242385864}, {'paper_id': '660ca24145b2', 'title': 'The E-Design Assessment Tool: an evidence-informed approach towards a consistent terminology for quantifying online distance learning activities', 'cluster': 0, 'distance': 0.2684742212295532}, {'paper_id': '1e7ab64c6cf9', 'title': 'Commentary: Strength-based co-design that EMPOWERs – Lessons from codesigning with older adults', 'cluster': 0, 'distance': 0.3026297688484192}]"
